Id,IsDeleted,MasterRecordId,AccountId,IsPersonAccount,LastName,FirstName,Salutation,Name,OtherStreet,OtherCity,OtherState,OtherPostalCode,OtherCountry,OtherLatitude,OtherLongitude,OtherGeocodeAccuracy,OtherAddress,MailingStreet,MailingCity,MailingState,MailingPostalCode,MailingCountry,MailingLatitude,MailingLongitude,MailingGeocodeAccuracy,MailingAddress,Phone,Fax,MobilePhone,HomePhone,OtherPhone,AssistantPhone,ReportsToId,Email,Title,Department,AssistantName,LeadSource,Birthdate,Description,OwnerId,CreatedDate,CreatedById,LastModifiedDate,LastModifiedById,SystemModstamp,LastActivityDate,LastCURequestDate,LastCUUpdateDate,LastViewedDate,LastReferencedDate,EmailBouncedReason,EmailBouncedDate,IsEmailBounced,PhotoUrl,Jigsaw,JigsawContactId,IndividualId,Challenge_Entity__c,BCM_Location__c,external_id__c,ActiveLiveAgentUser__c,crisisapp__DLImageContentId__c,crisisapp__DLImage__c,crisisapp__OrganDonor__c
0031U000008QxxRQAS,,,0011U00000B8P2yQAF,,Boyle*,Lauren,,Lauren Boyle*,,,,,,,,,,2725 Quarry Rd,Montgomery,Pennsylvania,19009,United States,,,,"{""city"":""Montgomery"",""country"":""United States"",""geocodeAccuracy"":null,""latitude"":null,""longitude"":null,""postalCode"":""19009"",""state"":""Pennsylvania"",""street"":""2725 Quarry Rd""}",(276) 555-0197,(276) 555-0182,(276) 555-0144,(528) 490-8868,,(415) 555-0150,,lauren.boyle@mailinator.com,"SVP, Technology",,,Web,1967-07-15,,0051U000003DQo8QAG,2019-01-30T22:53:22.000+0000,0051U000003DQo8QAG,2019-01-30T22:53:22.000+0000,0051U000003DQo8QAG,2019-01-30T22:53:22.000+0000,2014-04-03,,,,,,,,/services/images/photo/0031U000008QxxRQAS,,,,,,Contact.001,1,,,
0031U000008QxxSQAS,,,0011U00000B8P2zQAF,,Reseller,Tom,Mr.,Tom Reseller,,,,,,,,,,6069 NE 49th Ave,Multnomah,Oregon,97218,United States,,,,"{""city"":""Multnomah"",""country"":""United States"",""geocodeAccuracy"":null,""latitude"":null,""longitude"":null,""postalCode"":""97218"",""state"":""Oregon"",""street"":""6069 NE 49th Ave""}",(344) 555-0197,(344) 555-0182,(344) 555-0144,(721) 779-3639,,,,contact+treseller@sdo.mygbiz.com,Account Executive,Sales,(415) 555-0150,Google Adwords,1963-12-20,,0051U000003DQo8QAG,2019-01-30T22:53:22.000+0000,0051U000003DQo8QAG,2019-01-30T22:53:22.000+0000,0051U000003DQo8QAG,2019-01-30T22:53:22.000+0000,2014-03-24,,,,,,,,/services/images/photo/0031U000008QxxSQAS,,,,,,Contact.005,,,,
0031U000008QxxTQAS,,,0011U00000B8P2yQAF,,Hodges,Bobby,Mr.,Bobby Hodges,,,,,,,,,,2725 Quarry Rd,Montgomery,PA,19009,US,,,,"{""city"":""Montgomery"",""country"":""US"",""geocodeAccuracy"":null,""latitude"":null,""longitude"":null,""postalCode"":""19009"",""state"":""PA"",""street"":""2725 Quarry Rd""}",(422) 555-0100,(422) 555-0199,(422) 555-0188,(422) 578-5922,,,,contact+bhodges@sdo.mygbiz.com,President and CEO,C-Level,(422) 555-0150,Google Adwords,1959-08-11,,0051U000003DQo8QAG,2019-01-30T22:53:22.000+0000,0051U000003DQo8QAG,2019-01-30T22:53:22.000+0000,0051U000003DQo8QAG,2019-01-30T22:53:22.000+0000,2014-04-01,,,,,,,,/services/images/photo/0031U000008QxxTQAS,,,,,,Contact.004,,,,
0031U000008QxxUQAS,,,0011U00000B8P32QAF,,Flachbarth,Ed,Mr.,Ed Flachbarth,,,,,,,,,,178 San Jose Ave,Santa Clara,CA,95125,US,,,,"{""city"":""Santa Clara"",""country"":""US"",""geocodeAccuracy"":null,""latitude"":null,""longitude"":null,""postalCode"":""95125"",""state"":""CA"",""street"":""178 San Jose Ave""}",(475) 555-0100,(475) 555-0199,(475) 555-0188,(475) 961-6615,,,,contact+edflachbarth@sdo.mygbiz.com,Administrative Assistant,Operations,(475) 555-0150,Google Adwords,1944-12-19,,0051U000003DQo8QAG,2019-01-30T22:53:22.000+0000,0051U000003DQo8QAG,2019-01-30T22:53:22.000+0000,0051U000003DQo8QAG,2019-01-30T22:53:22.000+0000,2014-04-02,,,,,,,,/services/images/photo/0031U000008QxxUQAS,,,,,,Contact.017,,,,
0031U000008QxxVQAS,,,0011U00000B8P2yQAF,,Davie*,James,Mr.,James Davie*,,,,,,,,,,2725 Quarry Rd,Montgomery,Pennsylvania,19009,United States,,,,"{""city"":""Montgomery"",""country"":""United States"",""geocodeAccuracy"":null,""latitude"":null,""longitude"":null,""postalCode"":""19009"",""state"":""Pennsylvania"",""street"":""2725 Quarry Rd""}",(274) 555-0197,(274) 555-0182,,(475) 416-6352,,,,jd@mailinator.com,VP of Sales,Operations,(770) 555-0150,Purchased List,1926-08-27,,0051U000003DQo8QAG,2019-01-30T22:53:22.000+0000,0051U000003DQo8QAG,2019-01-30T22:53:22.000+0000,0051U000003DQo8QAG,2019-03-29T16:17:58.000+0000,2015-06-16,,,,,,,,/services/images/photo/0031U000008QxxVQAS,,,,,,Contact.003,,,,
0031U000008QxxWQAS,,,0011U00000B8P32QAF,,Curran,Stephanie,Mrs.,Stephanie Curran,,,,,,,,,,178 San Jose Ave,Santa Clara,CA,95125,US,,,,"{""city"":""Santa Clara"",""country"":""US"",""geocodeAccuracy"":null,""latitude"":null,""longitude"":null,""postalCode"":""95125"",""state"":""CA"",""street"":""178 San Jose Ave""}",(690) 555-0100,(690) 555-0199,(690) 555-0188,(690) 904-7602,,,,contact+stephaniecurran@sdo.mygbiz.com,EVP Business Development,Business Development,(690) 555-0150,Cold Call,1964-06-04,,0051U000003DQo8QAG,2019-01-30T22:53:22.000+0000,0051U000003DQo8QAG,2019-01-30T22:53:22.000+0000,0051U000003DQo8QAG,2019-01-30T22:53:22.000+0000,,,,,,,,,/services/images/photo/0031U000008QxxWQAS,,,,,,Contact.010,,,,
0031U000008QxxXQAS,,,0011U00000B8P2yQAF,,Kingston*,Mark,Mr.,Mark Kingston*,,,,,,,,,,2725 Quarry Rd,Montgomery,Pennsylvania,19009,United States,,,,"{""city"":""Montgomery"",""country"":""United States"",""geocodeAccuracy"":null,""latitude"":null,""longitude"":null,""postalCode"":""19009"",""state"":""Pennsylvania"",""street"":""2725 Quarry Rd""}",(769) 555-0197,(769) 555-0182,,(783) 383-8412,,,,mk@mailinator.com,Project Manager,Marketing,(415) 555-0150,Cold Call,1976-08-28,,0051U000003DQo8QAG,2019-01-30T22:53:22.000+0000,0051U000003DQo8QAG,2019-01-30T22:53:22.000+0000,0051U000003DQo8QAG,2019-01-30T22:53:22.000+0000,2014-04-09,,,,,,,,/services/images/photo/0031U000008QxxXQAS,,,,,,Contact.002,,,,
0031U000008QxxYQAS,,,0011U00000B8P3vQAF,,Forbes,Sean,Mr.,Sean Forbes,,,,,,,,,,4191 Tamarus St,Clark,NV,89119,US,,,,"{""city"":""Clark"",""country"":""US"",""geocodeAccuracy"":null,""latitude"":null,""longitude"":null,""postalCode"":""89119"",""state"":""NV"",""street"":""4191 Tamarus St""}",(237) 555-0100,(237) 555-0199,(237) 555-0188,(237) 396-4506,,,,contact+seanforbes@sdo.mygbiz.com,CFO,C-Level,(237) 555-0150,Jigsaw,1978-08-20,,0051U000003DQo8QAG,2019-01-30T22:53:22.000+0000,0051U000003DQo8QAG,2019-01-30T22:53:22.000+0000,0051U000003DQo8QAG,2019-01-30T22:53:22.000+0000,2014-02-19,,,,,,,,/services/images/photo/0031U000008QxxYQAS,,,,,,Contact.008,,,,
0031U000008QxxZQAS,,,0011U00000B8P32QAF,,Miller,Al,Mr.,Al Miller,,,,,,,,,,178 San Jose Ave,Santa Clara,CA,95125,US,,,,"{""city"":""Santa Clara"",""country"":""US"",""geocodeAccuracy"":null,""latitude"":null,""longitude"":null,""postalCode"":""95125"",""state"":""CA"",""street"":""178 San Jose Ave""}",(879) 555-0100,(879) 555-0199,(879) 555-0188,(879) 396-0181,,,,contact+almiller@sdo.mygbiz.com,Purchasing,Operations,(879) 555-0150,Referral,1966-09-05,,0051U000003DQo8QAG,2019-01-30T22:53:22.000+0000,0051U000003DQo8QAG,2019-01-30T22:53:22.000+0000,0051U000003DQo8QAG,2019-01-30T22:53:22.000+0000,,,,,,,,,/services/images/photo/0031U000008QxxZQAS,,,,,,Contact.014,,,,
0031U000008QxxaQAC,,,0011U00000B8P3xQAF,,Ideas,Steve,,Steve Ideas,,,,,,,,,,,,,,,,,,,(674) 555-0197,(674) 555-0182,(674) 555-0144,,,,,si@mailinator.com,VP Operations,,(674) 555-0150,Jigsaw,1978-07-21,,0051U000003DQo8QAG,2019-01-30T22:53:22.000+0000,0051U000003DQo8QAG,2019-01-30T22:53:22.000+0000,0051U000003DQo8QAG,2019-01-30T22:53:22.000+0000,,,,,,,,,/services/images/photo/0031U000008QxxaQAC,,,,,,Contact.006,,,,
0031U000008QxxbQAC,,,0011U00000B8P32QAF,,Metz,Mark,Mr.,Mark Metz,,,,,,,,,,178 San Jose Ave,Santa Clara,California,95125,United States,,,,"{""city"":""Santa Clara"",""country"":""United States"",""geocodeAccuracy"":null,""latitude"":null,""longitude"":null,""postalCode"":""95125"",""state"":""California"",""street"":""178 San Jose Ave""}",(747) 555-0100,(747) 555-0199,(747) 555-0188,(747) 784-1873,,,,markmetz@mailinator.com,Chief Executive Officer,C-Level,(747) 555-0150,Cold Call,1976-06-26,,0051U000003DQo8QAG,2019-01-30T22:53:22.000+0000,0051U000003DQo8QAG,2019-01-30T22:53:22.000+0000,0051U000003DQo8QAG,2019-01-30T22:53:22.000+0000,2014-04-02,,,,,,,,/services/images/photo/0031U000008QxxbQAC,,,,,,Contact.012,,,,
0031U000008QxxcQAC,,,0011U00000B8P32QAF,,Kane,Jeff,Mr.,Jeff Kane,,,,,,,,,,178 San Jose Ave,Santa Clara,CA,95125,US,,,,"{""city"":""Santa Clara"",""country"":""US"",""geocodeAccuracy"":null,""latitude"":null,""longitude"":null,""postalCode"":""95125"",""state"":""CA"",""street"":""178 San Jose Ave""}",(385) 555-0100,(385) 555-0199,(385) 555-0188,(385) 218-7039,,,,contact+jeffkane@sdo.mygbiz.com,Director-Accounting,Finance,(385) 555-0150,Google Adwords,1951-12-06,,0051U000003DQo8QAG,2019-01-30T22:53:22.000+0000,0051U000003DQo8QAG,2019-01-30T22:53:22.000+0000,0051U000003DQo8QAG,2019-01-30T22:53:22.000+0000,,,,,,,,,/services/images/photo/0031U000008QxxcQAC,,,,,,Contact.015,,,,
0031U000008QxxdQAC,,,0011U00000B8P32QAF,,Mcdonald,Steve,Mr.,Steve Mcdonald,,,,,,,,,,178 San Jose Ave,Santa Clara,CA,95125,US,,,,"{""city"":""Santa Clara"",""country"":""US"",""geocodeAccuracy"":null,""latitude"":null,""longitude"":null,""postalCode"":""95125"",""state"":""CA"",""street"":""178 San Jose Ave""}",(631) 555-0100,(631) 555-0199,(631) 555-0188,(631) 570-1324,,,,contact+stevemcdonald@sdo.mygbiz.com,Chief Information Officer,C-Level,(631) 555-0150,Google Adwords,1952-12-10,,0051U000003DQo8QAG,2019-01-30T22:53:22.000+0000,0051U000003DQo8QAG,2019-01-30T22:53:22.000+0000,0051U000003DQo8QAG,2019-01-30T22:53:22.000+0000,,,,,,,,,/services/images/photo/0031U000008QxxdQAC,,,,,,Contact.011,,,,
0031U000008QxxeQAC,,,0011U00000B8P32QAF,,Murphy,Sean,Mr.,Sean Murphy,,,,,,,,,,178 San Jose Ave,Santa Clara,CA,95125,US,,,,"{""city"":""Santa Clara"",""country"":""US"",""geocodeAccuracy"":null,""latitude"":null,""longitude"":null,""postalCode"":""95125"",""state"":""CA"",""street"":""178 San Jose Ave""}",(576) 555-0100,(576) 555-0199,(576) 555-0188,(576) 275-7558,,,,contact+seanmurphy@sdo.mygbiz.com,SVP Marketing,Marketing,(576) 555-0150,Google Adwords,1946-05-13,,0051U000003DQo8QAG,2019-01-30T22:53:22.000+0000,0051U000003DQo8QAG,2019-01-30T22:53:22.000+0000,0051U000003DQo8QAG,2019-01-30T22:53:22.000+0000,,,,,,,,,/services/images/photo/0031U000008QxxeQAC,,,,,,Contact.009,,,,
0031U000008QxxfQAC,,,0011U00000B8P32QAF,,Fitzpatrick,Kathy,Ms.,Kathy Fitzpatrick,,,,,,,,,,178 San Jose Ave,Santa Clara,CA,95125,US,,,,"{""city"":""Santa Clara"",""country"":""US"",""geocodeAccuracy"":null,""latitude"":null,""longitude"":null,""postalCode"":""95125"",""state"":""CA"",""street"":""178 San Jose Ave""}",(231) 555-0100,(231) 555-0199,(231) 555-0188,(231) 277-8689,,,,contact+kathyfitzpatrick@sdo.mygbiz.com,Director-Human Resources,HR,(231) 555-0150,Referral,1931-11-23,,0051U000003DQo8QAG,2019-01-30T22:53:22.000+0000,0051U000003DQo8QAG,2019-01-30T22:53:22.000+0000,0051U000003DQo8QAG,2019-01-30T22:53:22.000+0000,,,,,,,,,/services/images/photo/0031U000008QxxfQAC,,,,,,Contact.016,,,,
0031U000008QxxgQAC,,,0011U00000B8P32QAF,,Lopez,Keith,Mr.,Keith Lopez,,,,,,,,,,178 San Jose Ave,Santa Clara,CA,95125,US,,,,"{""city"":""Santa Clara"",""country"":""US"",""geocodeAccuracy"":null,""latitude"":null,""longitude"":null,""postalCode"":""95125"",""state"":""CA"",""street"":""178 San Jose Ave""}",(528) 555-0100,(528) 555-0199,(528) 555-0188,(528) 389-6767,,,,contact+keithlopez@sdo.mygbiz.com,Marketing Manager,Marketing,(528) 555-0150,Jigsaw,1946-09-26,,0051U000003DQo8QAG,2019-01-30T22:53:22.000+0000,0051U000003DQo8QAG,2019-01-30T22:53:22.000+0000,0051U000003DQo8QAG,2019-01-30T22:53:22.000+0000,2014-04-02,,,,,,,,/services/images/photo/0031U000008QxxgQAC,,,,,,Contact.013,,,,
0031U000008QxxhQAC,,,0011U00000B8P3RQAV,1,Baxter,Larry,,Larry Baxter,,,,,,,,,,,,,,,,,,,(310) 555-0100,(310) 555-0100,,,,,,,,,,,,"Larry is a small business owner in Santa Monica. His wife, Tammy, is also involved in the business. He is an avid tennis player and Cal grad.

Larry's Facebook - larry.baxter.524@facebook.com 
Larry's Twitter - LarryBaxterSDO",0051U000003DQo8QAG,2019-01-30T22:53:22.000+0000,0051U000003DQo8QAG,2019-01-30T22:53:22.000+0000,0051U000003DQo8QAG,2019-01-30T22:53:22.000+0000,2014-03-30,,,,,,,,/services/images/photo/0031U000008QxxhQAC,,,,,,,,,,
0031U000008QxxiQAC,,,0011U00000B8P3JQAV,,Chopra,Wes,,Wes Chopra,,,,,,,,,,,Sedgwick,,,US,,,,"{""city"":""Sedgwick"",""country"":""US"",""geocodeAccuracy"":null,""latitude"":null,""longitude"":null,""postalCode"":null,""state"":null,""street"":null}",(847) 402-1753,,(310) 555-0191,,,,,wes.chopra@greendotmedia.com,Manager Information Technology,,(818) 555-0149,,1945-04-18,,0051U000003DQo8QAG,2019-01-30T22:53:22.000+0000,0051U000003DQo8QAG,2019-01-30T22:53:22.000+0000,0051U000003DQo8QAG,2019-01-30T22:53:22.000+0000,2014-04-02,,,,,,,,/services/images/photo/0031U000008QxxiQAC,,,,,,,,,,
0031U000008QxxuQAC,,,0011U00000B8P3xQAF,,Song,Arthur,Mr.,Arthur Song,,,,,,,,,,3418 Poplar Ave,Shelby,TN,38111,US,,,,"{""city"":""Shelby"",""country"":""US"",""geocodeAccuracy"":null,""latitude"":null,""longitude"":null,""postalCode"":""38111"",""state"":""TN"",""street"":""3418 Poplar Ave""}",(772) 555-0100,(772) 555-0199,(772) 555-0188,(772) 504-0721,,,,contact+arthursong@sdo.mygbiz.com,CEO,C-Level,(772) 555-0150,Google Adwords,1949-08-14,,0051U000003DQo8QAG,2019-01-30T22:53:22.000+0000,0051U000003DQo8QAG,2019-01-30T22:53:22.000+0000,0051U000003DQo8QAG,2019-01-30T22:53:22.000+0000,2014-02-14,,,,,,,,/services/images/photo/0031U000008QxxuQAC,,,,,,,,,,
0031U000008QxxvQAC,,,0011U00000B8P3xQAF,,Feager,Patricia,Ms.,Patricia Feager,,,,,,,,,,3418 Poplar Ave,Shelby,TN,38111,US,,,,"{""city"":""Shelby"",""country"":""US"",""geocodeAccuracy"":null,""latitude"":null,""longitude"":null,""postalCode"":""38111"",""state"":""TN"",""street"":""3418 Poplar Ave""}",(423) 555-0100,(423) 555-0199,(423) 555-0188,(423) 806-1447,,,,contact+patriciafeager@sdo.mygbiz.com,CEO,C-Level,(423) 555-0150,Referral,1941-02-13,,0051U000003DQo8QAG,2019-01-30T22:53:22.000+0000,0051U000003DQo8QAG,2019-01-30T22:53:22.000+0000,0051U000003DQo8QAG,2019-01-30T22:53:22.000+0000,2014-02-15,,,,,,,,/services/images/photo/0031U000008QxxvQAC,,,,,,,,,,
0031U000008QxxwQAC,,,0011U00000B8P34QAF,,Green,Martin,Mr.,Martin Green,,,,,,,,,,16909 SE Alder St,Multnomah,OR,97233,US,,,,"{""city"":""Multnomah"",""country"":""US"",""geocodeAccuracy"":null,""latitude"":null,""longitude"":null,""postalCode"":""97233"",""state"":""OR"",""street"":""16909 SE Alder St""}",(280) 555-0100,(280) 555-0199,(280) 555-0188,(280) 615-1908,,,,contact+martingreen@sdo.mygbiz.com,Senior Vice President-Operations,Operations,(280) 555-0150,Cold Call,1967-03-01,,0051U000003hCg0QAE,2019-01-30T22:53:22.000+0000,0051U000003DQo8QAG,2019-01-30T22:53:22.000+0000,0051U000003DQo8QAG,2019-01-30T22:53:22.000+0000,2014-02-16,,,,,,,,/services/images/photo/0031U000008QxxwQAC,,,,,,,,,,
0031U000008QxxxQAC,,,0011U00000B8P3xQAF,,Mcclure,Brenda,Ms.,Brenda Mcclure,,,,,,,,,,3418 Poplar Ave,Shelby,TN,38111,US,,,,"{""city"":""Shelby"",""country"":""US"",""geocodeAccuracy"":null,""latitude"":null,""longitude"":null,""postalCode"":""38111"",""state"":""TN"",""street"":""3418 Poplar Ave""}",(415) 555-0100,(415) 555-0199,(415) 555-0188,(415) 671-2897,,,,contact+brendamcclure@sdo.mygbiz.com,CFO,C-Level,(415) 555-0150,Google Adwords,1940-01-03,,0051U000003DQo8QAG,2019-01-30T22:53:22.000+0000,0051U000003DQo8QAG,2019-01-30T22:53:22.000+0000,0051U000003DQo8QAG,2019-01-30T22:53:22.000+0000,2014-02-17,,,,,,,,/services/images/photo/0031U000008QxxxQAC,,,,,,,,,,
0031U000008QxxyQAC,,,0011U00000B8P34QAF,,O'Brien Jr,Richard,Mr.,Richard O'Brien Jr,,,,,,,,,,16909 SE Alder St,Multnomah,OR,97233,US,,,,"{""city"":""Multnomah"",""country"":""US"",""geocodeAccuracy"":null,""latitude"":null,""longitude"":null,""postalCode"":""97233"",""state"":""OR"",""street"":""16909 SE Alder St""}",(726) 555-0100,(726) 555-0199,(726) 555-0188,(726) 908-6641,,,,contact+richardobrienjr@sdo.mygbiz.com,Chairman of the Board Chief Executive Officer,C-Level,(726) 555-0150,Jigsaw,1946-04-17,,0051U000003hCg0QAE,2019-01-30T22:53:22.000+0000,0051U000003DQo8QAG,2019-01-30T22:53:22.000+0000,0051U000003DQo8QAG,2019-01-30T22:53:22.000+0000,2014-02-18,,,,,,,,/services/images/photo/0031U000008QxxyQAC,,,,,,,,,,
0031U000008QxxzQAC,,,0011U00000B8P3vQAF,,Simes,Thomas,Mr.,Thomas Simes,,,,,,,,,,4191 Tamarus St,Clark,NV,89119,US,,,,"{""city"":""Clark"",""country"":""US"",""geocodeAccuracy"":null,""latitude"":null,""longitude"":null,""postalCode"":""89119"",""state"":""NV"",""street"":""4191 Tamarus St""}",(519) 555-0100,(519) 555-0199,(519) 555-0188,(519) 711-0515,,,,contact+thomassimes@sdo.mygbiz.com,CEO,C-Level,(519) 555-0150,Referral,1958-02-12,,0051U000003DQo8QAG,2019-01-30T22:53:22.000+0000,0051U000003DQo8QAG,2019-01-30T22:53:22.000+0000,0051U000003DQo8QAG,2019-01-30T22:53:22.000+0000,2014-02-20,,,,,,,,/services/images/photo/0031U000008QxxzQAC,,,,,,,,,,
0031U000008Qxy0QAC,,,0011U00000B8P39QAF,,Nabozney,Bjoran,Mr.,Bjoran Nabozney,,,,,,,,,,6039 E Northwest Hwy,Dallas,TX,75225,US,,,,"{""city"":""Dallas"",""country"":""US"",""geocodeAccuracy"":null,""latitude"":null,""longitude"":null,""postalCode"":""75225"",""state"":""TX"",""street"":""6039 E Northwest Hwy""}",(373) 555-0100,(373) 555-0199,(373) 555-0188,(373) 391-5243,,,,contact+bjorannabozney@sdo.mygbiz.com,Sales Exec,Sales,(373) 555-0150,Jigsaw,1984-11-01,,0051U000003hCg2QAE,2019-01-30T22:53:22.000+0000,0051U000003DQo8QAG,2019-01-30T22:53:22.000+0000,0051U000003DQo8QAG,2019-01-30T22:53:22.000+0000,2014-03-24,,,,,,,,/services/images/photo/0031U000008Qxy0QAC,,,,,,,,,,
0031U000008Qxy1QAC,,,0011U00000B8P2zQAF,,Mercer,Adam,Mr.,Adam Mercer,,,,,,,,,,,,,,,,,,,(794) 555-0100,(794) 555-0199,(794) 555-0188,,,,,contact+amercer@sdo.mygbiz.com,Sales Engineer,,(794) 555-0150,,1984-11-03,,0051U000003DQo8QAG,2019-01-30T22:53:22.000+0000,0051U000003DQo8QAG,2019-01-30T22:53:22.000+0000,0051U000003DQo8QAG,2019-01-30T22:53:22.000+0000,2014-03-24,,,,,,,,/services/images/photo/0031U000008Qxy1QAC,,,,,,,,,,
0031U000008Qxy2QAC,,,0011U00000B8P3wQAF,,Adkins,Ron,Mr.,Ron Adkins,,,,,,,,,,899 N Broadview Ave,Sedgwick,KS,67208,US,,,,"{""city"":""Sedgwick"",""country"":""US"",""geocodeAccuracy"":null,""latitude"":null,""longitude"":null,""postalCode"":""67208"",""state"":""KS"",""street"":""899 N Broadview Ave""}",(258) 555-0100,(258) 555-0199,(258) 555-0188,(258) 277-2428,,,,contact+ronadkins@sdo.mygbiz.com,President Sales Exec Finance Exec,C-Level,(258) 555-0150,Referral,1939-01-27,,0051U000003DQo8QAG,2019-01-30T22:53:22.000+0000,0051U000003DQo8QAG,2019-01-30T22:53:22.000+0000,0051U000003DQo8QAG,2019-01-30T22:53:22.000+0000,2014-03-31,,,,,,,,/services/images/photo/0031U000008Qxy2QAC,,,,,,,,,,
0031U000008Qxy3QAC,,,0011U00000B8P37QAF,,Young,Benjamin,,Benjamin Young,,,,,,,,,,,Sedgwick,,,US,,,,"{""city"":""Sedgwick"",""country"":""US"",""geocodeAccuracy"":null,""latitude"":null,""longitude"":null,""postalCode"":null,""state"":null,""street"":null}",(713) 555-0100,(713) 555-0199,(713) 555-0188,,,,,contact+young@sdo.mygbiz.com,EVP Business Development,,(713) 555-0150,Jigsaw,1939-02-14,,0051U000003DQo8QAG,2019-01-30T22:53:22.000+0000,0051U000003DQo8QAG,2019-01-30T22:53:22.000+0000,0051U000003DQo8QAG,2019-01-30T22:53:22.000+0000,,,,,,,,,/services/images/photo/0031U000008Qxy3QAC,,,,,,,,,,
0031U000008Qxy4QAC,,,0011U00000B8P3fQAF,,Benioff,Marc,,Marc Benioff,,,,,,,,,,,,,,,,,,,+1.415.901.7008,(655) 555-0181,(674) 555-0145,,,,,contact+marc.benioff@sdo.mygbiz.com,Chief Executive Officer and Chairman,,(818) 555-0150,Jigsaw,1956-03-09,,0051U000003DQo8QAG,2019-01-30T22:53:22.000+0000,0051U000003DQo8QAG,2019-01-30T22:53:22.000+0000,0051U000003DQo8QAG,2019-01-30T22:53:22.000+0000,,,,,,,,,/services/images/photo/0031U000008Qxy4QAC,,,,,,,,,,
0031U000008Qxy5QAC,,,0011U00000B8P3EQAV,,Dillon,Julie,Ms.,Julie Dillon,,,,,,,,,,310 Henry St,New York,NY,10002,US,,,,"{""city"":""New York"",""country"":""US"",""geocodeAccuracy"":null,""latitude"":null,""longitude"":null,""postalCode"":""10002"",""state"":""NY"",""street"":""310 Henry St""}",(533) 555-0100,(533) 555-0199,(533) 555-0188,(533) 862-4439,,,,contact+juliedillon@sdo.mygbiz.com,Spouse,N/A,(533) 555-0150,Web Referral,1966-10-12,,0051U000003DQo8QAG,2019-01-30T22:53:22.000+0000,0051U000003DQo8QAG,2019-01-30T22:53:22.000+0000,0051U000003DQo8QAG,2019-01-30T22:53:22.000+0000,,,,,,,,,/services/images/photo/0031U000008Qxy5QAC,,,,,,,,,,
0031U000008Qxy6QAC,,,0011U00000B8P3EQAV,,Reitz,Bree,,Bree Reitz,,,,,,,,,,,Purchase,NY,,,,,,"{""city"":""Purchase"",""country"":null,""geocodeAccuracy"":null,""latitude"":null,""longitude"":null,""postalCode"":null,""state"":""NY"",""street"":null}",(453) 555-0100,(453) 555-0199,(453) 555-0188,,,,,contact+breereitz@sdo.mygbiz.com,Head of Partner Relations,,(453) 555-0150,Web Direct,1959-08-15,,0051U000003DQo8QAG,2019-01-30T22:53:22.000+0000,0051U000003DQo8QAG,2019-09-30T18:52:12.000+0000,0051U000005xmb3QAA,2019-09-30T18:52:12.000+0000,,,,,,,,,/services/images/photo/0031U000008Qxy6QAC,,,,,a2K1U000000VzuRUAS,,,,,
0031U000008QxxjQAC,,,0011U00000B8P3JQAV,,Brennaman,Jason,,Jason Brennaman,,,,,,,,,,,Sedgwick,,,US,,,,"{""city"":""Sedgwick"",""country"":""US"",""geocodeAccuracy"":null,""latitude"":null,""longitude"":null,""postalCode"":null,""state"":null,""street"":null}",(847) 402-1754,,(310) 555-0192,,,,,jason.brennaman@greendotmedia.com,Information Technology,,(818) 555-0150,Jigsaw,1939-02-21,,0051U000003DQo8QAG,2019-01-30T22:53:22.000+0000,0051U000003DQo8QAG,2019-01-30T22:53:22.000+0000,0051U000003DQo8QAG,2019-01-30T22:53:22.000+0000,2014-04-02,,,,,,,,/services/images/photo/0031U000008QxxjQAC,,,,,,,,,,
0031U000008QxxkQAC,,,0011U00000B8P3aQAF,,Jones,Lisa,Ms.,Lisa Jones,,,,,,,,,,47 S Galapago St,Denver,CO,80223,US,,,,"{""city"":""Denver"",""country"":""US"",""geocodeAccuracy"":null,""latitude"":null,""longitude"":null,""postalCode"":""80223"",""state"":""CO"",""street"":""47 S Galapago St""}",(904) 555-0100,(904) 555-0199,(904) 555-0188,(904) 300-7149,,,,contact+lisajones@sdo.mygbiz.com,VP Operations,Operations,(904) 555-0150,Google Adwords,1957-06-28,,0051U000003DQo8QAG,2019-01-30T22:53:22.000+0000,0051U000003DQo8QAG,2019-01-30T22:53:22.000+0000,0051U000003DQo8QAG,2019-01-30T22:53:22.000+0000,2014-03-24,,,,,,,,/services/images/photo/0031U000008QxxkQAC,,,,,,,,,,
0031U000008QxxlQAC,,,0011U00000B8P3mQAF,,Blay,Jeff,Mr.,Jeff Blay,,,,,,,,,,1678 50th Ave,Alameda,CA,94601,US,,,,"{""city"":""Alameda"",""country"":""US"",""geocodeAccuracy"":null,""latitude"":null,""longitude"":null,""postalCode"":""94601"",""state"":""CA"",""street"":""1678 50th Ave""}",(487) 555-0100,(487) 555-0199,(487) 555-0188,(487) 756-1793,,,,contact+jeffblay@sdo.mygbiz.com,VP Sales,Sales,(487) 555-0150,Referral,1929-09-06,,0051U000003DQo8QAG,2019-01-30T22:53:22.000+0000,0051U000003DQo8QAG,2019-01-30T22:53:22.000+0000,0051U000003DQo8QAG,2019-01-30T22:53:22.000+0000,2014-03-24,,,,,,,,/services/images/photo/0031U000008QxxlQAC,,,,,,,,,,
0031U000008QxxmQAC,,,0011U00000B8P3UQAV,,Johanson,Susan,Ms.,Susan Johanson,,,,,,,,,,2485 Pershing Dr,San Diego,CA,92101,US,,,,"{""city"":""San Diego"",""country"":""US"",""geocodeAccuracy"":null,""latitude"":null,""longitude"":null,""postalCode"":""92101"",""state"":""CA"",""street"":""2485 Pershing Dr""}",(390) 555-0100,(390) 555-0199,(390) 555-0188,(390) 677-7847,,,,contact+susanjohanson@sdo.mygbiz.com,VP of Operations,Operations,(390) 555-0150,Cold Call,1940-04-03,,0051U000003DQo8QAG,2019-01-30T22:53:22.000+0000,0051U000003DQo8QAG,2019-01-30T22:53:22.000+0000,0051U000003DQo8QAG,2019-01-30T22:53:22.000+0000,2014-03-24,,,,,,,,/services/images/photo/0031U000008QxxmQAC,,,,,,,,,,
0031U000008QxxnQAC,,,0011U00000B8P3yQAF,,Blau,Bill,Mr.,Bill Blau,,,,,,,,,,62 Chatham Pl,San Francisco,CA,94108,US,,,,"{""city"":""San Francisco"",""country"":""US"",""geocodeAccuracy"":null,""latitude"":null,""longitude"":null,""postalCode"":""94108"",""state"":""CA"",""street"":""62 Chatham Pl""}",(867) 555-0100,(867) 555-0199,(867) 555-0188,(867) 321-5509,,,,contact+billblau@sdo.mygbiz.com,VP IT,IT,(867) 555-0150,Purchased List,1945-04-17,,0051U000003hCg3QAE,2019-01-30T22:53:22.000+0000,0051U000003DQo8QAG,2019-01-30T22:53:22.000+0000,0051U000003DQo8QAG,2019-01-30T22:53:22.000+0000,2014-04-02,,,,,,,,/services/images/photo/0031U000008QxxnQAC,,,,,,,,,,
0031U000008QxxoQAC,,,0011U00000B8P3hQAF,,Davis,Tom,Mr.,Tom Davis,,,,,,,,,,309 8th Ave,Santa Cruz,CA,95062,US,,,,"{""city"":""Santa Cruz"",""country"":""US"",""geocodeAccuracy"":null,""latitude"":null,""longitude"":null,""postalCode"":""95062"",""state"":""CA"",""street"":""309 8th Ave""}",(643) 555-0100,(643) 555-0199,(643) 555-0188,(643) 788-2366,,,,contact+tomdavis@sdo.mygbiz.com,EVP Business Development,Business Development,(643) 555-0150,Purchased List,1946-09-27,,0051U000003DQo8QAG,2019-01-30T22:53:22.000+0000,0051U000003DQo8QAG,2019-01-30T22:53:22.000+0000,0051U000003DQo8QAG,2019-01-30T22:53:22.000+0000,2014-01-03,,,,,,,,/services/images/photo/0031U000008QxxoQAC,,,,,,,,,,
0031U000008QxxpQAC,,,0011U00000B8P3MQAV,,Giggs,Ryan,Mr.,Ryan Giggs,,,,,,,,,,405 S Stricker St,Baltimore (city),MD,21223,US,,,,"{""city"":""Baltimore (city)"",""country"":""US"",""geocodeAccuracy"":null,""latitude"":null,""longitude"":null,""postalCode"":""21223"",""state"":""MD"",""street"":""405 S Stricker St""}",(266) 555-0100,(266) 555-0199,(266) 555-0188,(266) 353-8304,,,,contact+ryangiggs@sdo.mygbiz.com,VP Consulting,Consulting,(266) 555-0150,Jigsaw,1970-08-25,,0051U000003DQo8QAG,2019-01-30T22:53:22.000+0000,0051U000003DQo8QAG,2019-01-30T22:53:22.000+0000,0051U000003DQo8QAG,2019-01-30T22:53:22.000+0000,2013-11-13,,,,,,,,/services/images/photo/0031U000008QxxpQAC,,,,,,,,,,
0031U000008QxxqQAC,,,0011U00000B8P3oQAF,,Jeffries,Sarah,Mrs.,Sarah Jeffries,,,,,,,,,,5815 Fairview Pl N,King,WA,98109,US,,,,"{""city"":""King"",""country"":""US"",""geocodeAccuracy"":null,""latitude"":null,""longitude"":null,""postalCode"":""98109"",""state"":""WA"",""street"":""5815 Fairview Pl N""}",(296) 555-0100,(296) 555-0199,(296) 555-0188,(296) 276-9024,,,,contact+sarahjeffries@sdo.mygbiz.com,SVP Marketing,Marketing,(296) 555-0150,Jigsaw,1975-06-11,,0051U000003hCg0QAE,2019-01-30T22:53:22.000+0000,0051U000003DQo8QAG,2019-01-30T22:53:22.000+0000,0051U000003DQo8QAG,2019-01-30T22:53:22.000+0000,2013-12-29,,,,,,,,/services/images/photo/0031U000008QxxqQAC,,,,,,,,,,
0031U000008QxxrQAC,,,0011U00000B8P3VQAV,,Morris,Rachel,Mrs.,Rachel Morris,,,,,,,,,,4090 Utah St,San Diego,CA,92104,US,,,,"{""city"":""San Diego"",""country"":""US"",""geocodeAccuracy"":null,""latitude"":null,""longitude"":null,""postalCode"":""92104"",""state"":""CA"",""street"":""4090 Utah St""}",(611) 555-0100,(611) 555-0199,(611) 555-0188,(611) 591-6298,,,,contact+rachelmorris@sdo.mygbiz.com,SVP Marketing,Marketing,(611) 555-0150,Jigsaw,1959-08-25,,0051U000003DQo8QAG,2019-01-30T22:53:22.000+0000,0051U000003DQo8QAG,2019-01-30T22:53:22.000+0000,0051U000003DQo8QAG,2019-01-30T22:53:22.000+0000,2014-01-28,,,,,,,,/services/images/photo/0031U000008QxxrQAC,,,,,,,,,,
0031U000008QxxsQAC,,,0011U00000B8P3FQAV,,Bowden,Andrea,Ms.,Andrea Bowden,,,,,,,,,,1525 Park Pl,Kings,New York,11213,United States,,,,"{""city"":""Kings"",""country"":""United States"",""geocodeAccuracy"":null,""latitude"":null,""longitude"":null,""postalCode"":""11213"",""state"":""New York"",""street"":""1525 Park Pl""}",(655) 555-0197,(655) 555-0182,(655) 555-0144,(210) 314-8360,,,,abowden@example.com,,Operations,(818) 555-0150,Jigsaw,1956-03-10,,0051U000003hCg3QAE,2019-01-30T22:53:22.000+0000,0051U000003DQo8QAG,2019-01-30T22:53:22.000+0000,0051U000003DQo8QAG,2019-01-30T22:53:22.000+0000,2014-02-08,,,,,,,,/services/images/photo/0031U000008QxxsQAC,,,,,,,,,,
0031U000008QxxtQAC,,,0011U00000B8P3pQAF,,Rose,Derek,Mr.,Derek Rose,,,,,,,,,,6805 15th Ave NW,King,WA,98117,US,,,,"{""city"":""King"",""country"":""US"",""geocodeAccuracy"":null,""latitude"":null,""longitude"":null,""postalCode"":""98117"",""state"":""WA"",""street"":""6805 15th Ave NW""}",(575) 555-0100,(575) 555-0199,(575) 555-0188,(575) 289-1239,,,,contact+derekrose@sdo.mygbiz.com,EVP Business Development,Business Development,(575) 555-0150,Jigsaw,1978-05-17,,0051U000003DQo8QAG,2019-01-30T22:53:22.000+0000,0051U000003DQo8QAG,2019-01-30T22:53:22.000+0000,0051U000003DQo8QAG,2019-01-30T22:53:22.000+0000,2014-02-11,,,,,,,,/services/images/photo/0031U000008QxxtQAC,,,,,,,,,,
0031U000008Qxy7QAC,,,0011U00000B8P3UQAV,,Dillon,Mark,Mr.,Mark Dillon,,,,,,,,,,2485 Pershing Dr,San Diego,CA,92101,US,,,,"{""city"":""San Diego"",""country"":""US"",""geocodeAccuracy"":null,""latitude"":null,""longitude"":null,""postalCode"":""92101"",""state"":""CA"",""street"":""2485 Pershing Dr""}",(765) 555-0100,(765) 555-0199,(765) 555-0188,(765) 837-0389,,,,contact+markdillon@sdo.mygbiz.com,Head of Partner Relations,Sales,(765) 555-0150,Trade Show,1978-02-28,,0051U000003DQo8QAG,2019-01-30T22:53:22.000+0000,0051U000003DQo8QAG,2019-01-30T22:53:22.000+0000,0051U000003DQo8QAG,2019-01-30T22:53:22.000+0000,,,,,,,,,/services/images/photo/0031U000008Qxy7QAC,,,,,,,,,,
0031U000008Qxy8QAC,,,0011U00000B8P34QAF,,Martin,Woodson,Mr.,Woodson Martin,,,,,,,,,,16909 SE Alder St,Multnomah,OR,97233,US,,,,"{""city"":""Multnomah"",""country"":""US"",""geocodeAccuracy"":null,""latitude"":null,""longitude"":null,""postalCode"":""97233"",""state"":""OR"",""street"":""16909 SE Alder St""}",(750) 555-0100,(750) 555-0199,(750) 555-0188,(750) 289-2987,,,,contact+woodsonmartin@sdo.mygbiz.com,VP of Salesforce Product Management,Development,(750) 555-0150,Google Adwords,1947-01-06,,0051U000003hCg0QAE,2019-01-30T22:53:22.000+0000,0051U000003DQo8QAG,2019-01-30T22:53:22.000+0000,0051U000003DQo8QAG,2019-01-30T22:53:22.000+0000,,,,,,,,,/services/images/photo/0031U000008Qxy8QAC,,,,,,,,,,
0031U000008Qxy9QAC,,,0011U00000B8P3jQAF,,Passemard,Antony,,Antony Passemard,,,,,,,,,,,Sedgwick,,,United States,,,,"{""city"":""Sedgwick"",""country"":""United States"",""geocodeAccuracy"":null,""latitude"":null,""longitude"":null,""postalCode"":null,""state"":null,""street"":null}",,,,,,,,antony@fakeemail.com,,,(818) 555-0150,,1939-02-02,,0051U000003DQo8QAG,2019-01-30T22:53:22.000+0000,0051U000003DQo8QAG,2019-01-30T22:53:22.000+0000,0051U000003DQo8QAG,2019-01-30T22:53:22.000+0000,,,,,,,,,/services/images/photo/0031U000008Qxy9QAC,,,,,,,,,,
0031U000008QxyAQAS,,,0011U00000B8P36QAF,,Hennessy,Ed,Mr.,Ed Hennessy,,,,,,,,,,2056 Laurel Ave,Jefferson,TX,77701,US,,,,"{""city"":""Jefferson"",""country"":""US"",""geocodeAccuracy"":null,""latitude"":null,""longitude"":null,""postalCode"":""77701"",""state"":""TX"",""street"":""2056 Laurel Ave""}",(699) 555-0100,(699) 555-0199,(699) 555-0188,(699) 376-4729,,,,contact+edhennessy@sdo.mygbiz.com,Owner,C-Level,(699) 555-0150,Trade Show,1970-08-27,,0051U000003hCg2QAE,2019-01-30T22:53:22.000+0000,0051U000003DQo8QAG,2019-01-30T22:53:22.000+0000,0051U000003DQo8QAG,2019-01-30T22:53:22.000+0000,,,,,,,,,/services/images/photo/0031U000008QxyAQAS,,,,,,,,,,
0031U000008QxyBQAS,,,0011U00000B8P3WQAV,,Grace,Nicole,,Nicole Grace,,,,,,,,,,,Sedgwick,,,US,,,,"{""city"":""Sedgwick"",""country"":""US"",""geocodeAccuracy"":null,""latitude"":null,""longitude"":null,""postalCode"":null,""state"":null,""street"":null}",(203) 555-0100,(203) 555-0199,(203) 555-0188,,,,,contact+grace@sdo.mygbiz.com,EVP Business Development,,(203) 555-0150,Jigsaw,1939-02-15,,0051U000003DQo8QAG,2019-01-30T22:53:22.000+0000,0051U000003DQo8QAG,2019-01-30T22:53:22.000+0000,0051U000003DQo8QAG,2019-01-30T22:53:22.000+0000,,,,,,,,,/services/images/photo/0031U000008QxyBQAS,,,,,,,,,,
0031U000008QxyCQAS,,,0011U00000B8P3CQAV,,Colli,Chip,,Chip Colli,,,,,,,,,,,Sedgwick,,,US,,,,"{""city"":""Sedgwick"",""country"":""US"",""geocodeAccuracy"":null,""latitude"":null,""longitude"":null,""postalCode"":null,""state"":null,""street"":null}",(206) 555-0100,(206) 555-0199,(206) 555-0188,,,,,contact+colli@sdo.mygbiz.com,EVP Business Development,,(206) 555-0150,Jigsaw,1939-02-10,,0051U000003DQo8QAG,2019-01-30T22:53:22.000+0000,0051U000003DQo8QAG,2019-01-30T22:53:22.000+0000,0051U000003DQo8QAG,2019-01-30T22:53:22.000+0000,,,,,,,,,/services/images/photo/0031U000008QxyCQAS,,,,,,,,,,
0031U000008QxyDQAS,,,0011U00000B8P3EQAV,,Basirat,Hamid,,Hamid Basirat,,,,,,,,,,,Purchase,NY,,,,,,"{""city"":""Purchase"",""country"":null,""geocodeAccuracy"":null,""latitude"":null,""longitude"":null,""postalCode"":null,""state"":""NY"",""street"":null}",(875) 555-0100,(875) 555-0199,(875) 555-0188,,,,,contact+hamidbasirat@sdo.mygbiz.com,SVP Marketing,,(875) 555-0150,Google Adwords,1976-06-27,,0051U000003DQo8QAG,2019-01-30T22:53:22.000+0000,0051U000003DQo8QAG,2019-09-30T18:52:12.000+0000,0051U000005xmb3QAA,2019-09-30T18:52:12.000+0000,,,,,,,,,/services/images/photo/0031U000008QxyDQAS,,,,,a2K1U000000VzuRUAS,,,,,
0031U000008QxyEQAS,,,0011U00000B8P2zQAF,,Turner,Joyce,Ms.,Joyce Turner,,,,,,,,,,,,,,,,,,,(794) 555-0100,(794) 555-0199,(794) 555-0188,,,,,contact+jturner@sdo.mygbiz.com,Channel Manager,,(794) 555-0150,,1984-11-02,,0051U000003DQo8QAG,2019-01-30T22:53:22.000+0000,0051U000003DQo8QAG,2019-01-30T22:53:22.000+0000,0051U000003DQo8QAG,2019-01-30T22:53:22.000+0000,,,,,,,,,/services/images/photo/0031U000008QxyEQAS,,,,,,,,,,
0031U000008QxyFQAS,,,0011U00000B8P35QAF,,Walsh,Erin,Ms.,Erin Walsh,,,,,,,,,,5628 SE Alder St,Multnomah,OR,97215,US,,,,"{""city"":""Multnomah"",""country"":""US"",""geocodeAccuracy"":null,""latitude"":null,""longitude"":null,""postalCode"":""97215"",""state"":""OR"",""street"":""5628 SE Alder St""}",(925) 555-0100,(925) 555-0199,(925) 555-0188,(925) 777-1617,,,,contact+erinwalsh@sdo.mygbiz.com,EVP Business Development,Business Development,(925) 555-0150,Cold Call,1928-05-11,,0051U000003hCg0QAE,2019-01-30T22:53:22.000+0000,0051U000003DQo8QAG,2019-01-30T22:53:22.000+0000,0051U000003DQo8QAG,2019-01-30T22:53:22.000+0000,,,,,,,,,/services/images/photo/0031U000008QxyFQAS,,,,,,,,,,
0031U000008QxyGQAS,,,0011U00000B8P3vQAF,,James,Tom,Mr.,Tom James,,,,,,,,,,4191 Tamarus St,Clark,NV,89119,US,,,,"{""city"":""Clark"",""country"":""US"",""geocodeAccuracy"":null,""latitude"":null,""longitude"":null,""postalCode"":""89119"",""state"":""NV"",""street"":""4191 Tamarus St""}",(932) 555-0100,(932) 555-0199,(932) 555-0188,(932) 840-6320,,,,contact+tomjames@sdo.mygbiz.com,SVP Production,Operations,(932) 555-0150,Google Adwords,1944-01-21,,0051U000003DQo8QAG,2019-01-30T22:53:22.000+0000,0051U000003DQo8QAG,2019-01-30T22:53:22.000+0000,0051U000003DQo8QAG,2019-01-30T22:53:22.000+0000,,,,,,,,,/services/images/photo/0031U000008QxyGQAS,,,,,,,,,,
0031U000008QxyHQAS,,,0011U00000B8P3BQAV,,Bronze,Barry,,Barry Bronze,,,,,,,,,,,Sedgwick,,,United States,,,,"{""city"":""Sedgwick"",""country"":""United States"",""geocodeAccuracy"":null,""latitude"":null,""longitude"":null,""postalCode"":null,""state"":null,""street"":null}",(319) 555-0197,(319) 555-0182,,,,,,bbronze@mailinator.com,,,(261) 555-0150,Jigsaw,1939-02-17,,0051U000003DQo8QAG,2019-01-30T22:53:22.000+0000,0051U000003DQo8QAG,2019-01-30T22:53:22.000+0000,0051U000003DQo8QAG,2019-01-30T22:53:22.000+0000,,,,,,,,,/services/images/photo/0031U000008QxyHQAS,,,,,,,,,,
0031U000008QxyIQAS,,,0011U00000B8P3EQAV,,Bergman,Janice,Ms.,Janice Bergman,,,,,,,,,,310 Henry St,New York,NY,10002,US,,,,"{""city"":""New York"",""country"":""US"",""geocodeAccuracy"":null,""latitude"":null,""longitude"":null,""postalCode"":""10002"",""state"":""NY"",""street"":""310 Henry St""}",(810) 555-0100,(810) 555-0199,(810) 555-0188,(810) 606-5717,,,,contact+janicebergman@sdo.mygbiz.com,VP Purchasing,Operations,(810) 555-0150,Referral,1938-09-06,,0051U000003DQo8QAG,2019-01-30T22:53:22.000+0000,0051U000003DQo8QAG,2019-01-30T22:53:22.000+0000,0051U000003DQo8QAG,2019-01-30T22:53:22.000+0000,,,,,,,,,/services/images/photo/0031U000008QxyIQAS,,,,,,,,,,
0031U000008QxyJQAS,,,0011U00000B8P3vQAF,,Johnson,Alex,Mr.,Alex Johnson,,,,,,,,,,4191 Tamarus St,Clark,NV,89119,US,,,,"{""city"":""Clark"",""country"":""US"",""geocodeAccuracy"":null,""latitude"":null,""longitude"":null,""postalCode"":""89119"",""state"":""NV"",""street"":""4191 Tamarus St""}",(526) 555-0100,(526) 555-0199,(526) 555-0188,(526) 454-5553,,,,contact+alexjohnson@sdo.mygbiz.com,VP Consulting,Consulting,(526) 555-0150,Cold Call,1934-10-06,,0051U000003DQo8QAG,2019-01-30T22:53:22.000+0000,0051U000003DQo8QAG,2019-01-30T22:53:22.000+0000,0051U000003DQo8QAG,2019-01-30T22:53:22.000+0000,,,,,,,,,/services/images/photo/0031U000008QxyJQAS,,,,,,,,,,
0031U000008QxyKQAS,,,0011U00000B8P3EQAV,,Mack,Billy,Mr.,Billy Mack,,,,,,,,,,310 Henry St,New York,NY,10002,US,,,,"{""city"":""New York"",""country"":""US"",""geocodeAccuracy"":null,""latitude"":null,""longitude"":null,""postalCode"":""10002"",""state"":""NY"",""street"":""310 Henry St""}",(206) 555-0100,(206) 555-0199,(206) 555-0188,(206) 775-7013,,,,contact+billymack@sdo.mygbiz.com,Lawyer,Legal,(206) 555-0150,Web Referral,1982-08-26,,0051U000003DQo8QAG,2019-01-30T22:53:22.000+0000,0051U000003DQo8QAG,2019-01-30T22:53:22.000+0000,0051U000003DQo8QAG,2019-01-30T22:53:22.000+0000,,,,,,,,,/services/images/photo/0031U000008QxyKQAS,,,,,,,,,,
0031U000008QxyLQAS,,,0011U00000B8P3OQAV,,Allegri,Jon,,Jon Allegri,,,,,,,,,,,Sedgwick,,,US,,,,"{""city"":""Sedgwick"",""country"":""US"",""geocodeAccuracy"":null,""latitude"":null,""longitude"":null,""postalCode"":null,""state"":null,""street"":null}",(813) 555-0100,(813) 555-0199,(813) 555-0188,,,,,contact+allegri@sdo.mygbiz.com,EVP Business Development,,(813) 555-0150,Jigsaw,1939-02-05,,0051U000003DQo8QAG,2019-01-30T22:53:22.000+0000,0051U000003DQo8QAG,2019-01-30T22:53:22.000+0000,0051U000003DQo8QAG,2019-01-30T22:53:22.000+0000,,,,,,,,,/services/images/photo/0031U000008QxyLQAS,,,,,,,,,,
0031U000008QxyMQAS,,,0011U00000B8P3EQAV,,Hwang,Cristin,,Cristin Hwang,,,,,,,,,,,Purchase,NY,,,,,,"{""city"":""Purchase"",""country"":null,""geocodeAccuracy"":null,""latitude"":null,""longitude"":null,""postalCode"":null,""state"":""NY"",""street"":null}",(806) 555-0100,(806) 555-0199,(806) 555-0188,,,,,contact+cristinhwang@sdo.mygbiz.com,EVP Business Development,,(806) 555-0150,Google Adwords,1952-07-02,,0051U000003DQo8QAG,2019-01-30T22:53:22.000+0000,0051U000003DQo8QAG,2019-09-30T18:52:12.000+0000,0051U000005xmb3QAA,2019-09-30T18:52:12.000+0000,,,,,,,,,/services/images/photo/0031U000008QxyMQAS,,,,,a2K1U000000VzuRUAS,,,,,
0031U000008QxyNQAS,,,0011U00000B8P3UQAV,,Pavlova,Stella,Ms.,Stella Pavlova,,,,,,,,,,2485 Pershing Dr,San Diego,CA,92101,US,,,,"{""city"":""San Diego"",""country"":""US"",""geocodeAccuracy"":null,""latitude"":null,""longitude"":null,""postalCode"":""92101"",""state"":""CA"",""street"":""2485 Pershing Dr""}",(842) 555-0100,(842) 555-0199,(842) 555-0188,(842) 216-6743,,,,contact+stellapavlova@sdo.mygbiz.com,SVP Production,Operations,(842) 555-0150,Purchased List,1985-07-05,,0051U000003DQo8QAG,2019-01-30T22:53:22.000+0000,0051U000003DQo8QAG,2019-01-30T22:53:22.000+0000,0051U000003DQo8QAG,2019-01-30T22:53:22.000+0000,,,,,,,,,/services/images/photo/0031U000008QxyNQAS,,,,,,,,,,
0031U000008QxyOQAS,,,0011U00000B8P3HQAV,,Knudson,Sandy,Ms.,Sandy Knudson,,,,,,,,,,17753 Gothard St,Orange,CA,92647,US,,,,"{""city"":""Orange"",""country"":""US"",""geocodeAccuracy"":null,""latitude"":null,""longitude"":null,""postalCode"":""92647"",""state"":""CA"",""street"":""17753 Gothard St""}",(624) 555-0100,(624) 555-0199,(624) 555-0188,(624) 865-7797,,,,contact+sandyknudson@sdo.mygbiz.com,Sales Exec,Sales,(624) 555-0150,Google Adwords,1979-03-15,,0051U000003DQo8QAG,2019-01-30T22:53:22.000+0000,0051U000003DQo8QAG,2019-01-30T22:53:22.000+0000,0051U000003DQo8QAG,2019-01-30T22:53:22.000+0000,,,,,,,,,/services/images/photo/0031U000008QxyOQAS,,,,,,,,,,
0031U000008QxyPQAS,,,0011U00000B8P3EQAV,,Owens,Brad,Mr.,Brad Owens,,,,,,,,,,310 Henry St,New York,NY,10002,US,,,,"{""city"":""New York"",""country"":""US"",""geocodeAccuracy"":null,""latitude"":null,""longitude"":null,""postalCode"":""10002"",""state"":""NY"",""street"":""310 Henry St""}",(544) 555-0100,(544) 555-0199,(544) 555-0188,(544) 346-9480,,,,contact+bradowens@sdo.mygbiz.com,EVP Business Development,Business Development,(544) 555-0150,Web Referral,1975-10-01,,0051U000003DQo8QAG,2019-01-30T22:53:22.000+0000,0051U000003DQo8QAG,2019-01-30T22:53:22.000+0000,0051U000003DQo8QAG,2019-01-30T22:53:22.000+0000,,,,,,,,,/services/images/photo/0031U000008QxyPQAS,,,,,,,,,,
0031U000008QxyQQAS,,,0011U00000B8P3cQAF,,Kendra,Emilee,,Emilee Kendra,,,,,,,,,,,Sedgwick,,,United States,,,,"{""city"":""Sedgwick"",""country"":""United States"",""geocodeAccuracy"":null,""latitude"":null,""longitude"":null,""postalCode"":null,""state"":null,""street"":null}",,,,,,,,emilee.kendra@fakeemail.com,,,(818) 555-0150,,1939-02-03,,0051U000003DQo8QAG,2019-01-30T22:53:22.000+0000,0051U000003DQo8QAG,2019-01-30T22:53:22.000+0000,0051U000003DQo8QAG,2019-01-30T22:53:22.000+0000,,,,,,,,,/services/images/photo/0031U000008QxyQQAS,,,,,,,,,,
0031U000008QxyRQAS,,,0011U00000B8P3gQAF,,Silver,Sean,,Sean Silver,,,,,,,,,,,Sedgwick,,,United States,,,,"{""city"":""Sedgwick"",""country"":""United States"",""geocodeAccuracy"":null,""latitude"":null,""longitude"":null,""postalCode"":null,""state"":null,""street"":null}",(792) 555-0197,(792) 555-0182,,,,,,ssilver@mailinator.com,,,(261) 555-0150,Jigsaw,1939-02-18,,0051U000003DQo8QAG,2019-01-30T22:53:22.000+0000,0051U000003DQo8QAG,2019-01-30T22:53:22.000+0000,0051U000003DQo8QAG,2019-01-30T22:53:22.000+0000,,,,,,,,,/services/images/photo/0031U000008QxyRQAS,,,,,,,,,,
0031U000008QxySQAS,,,0011U00000B8P3XQAV,,Sullivan,Niki,,Niki Sullivan,,,,,,,,,,,Sedgwick,,,US,,,,"{""city"":""Sedgwick"",""country"":""US"",""geocodeAccuracy"":null,""latitude"":null,""longitude"":null,""postalCode"":null,""state"":null,""street"":null}",(702) 555-0100,(702) 555-0199,(702) 555-0188,,,,,contact+sullivan@sdo.mygbiz.com,EVP Business Development,,(702) 555-0150,Jigsaw,1939-02-09,,0051U000003DQo8QAG,2019-01-30T22:53:22.000+0000,0051U000003DQo8QAG,2019-01-30T22:53:22.000+0000,0051U000003DQo8QAG,2019-01-30T22:53:22.000+0000,,,,,,,,,/services/images/photo/0031U000008QxySQAS,,,,,,,,,,
0031U000008QxyTQAS,,,0011U00000B8P3xQAF,,Mazzotta,George,Mr.,George Mazzotta,,,,,,,,,,3418 Poplar Ave,Shelby,TN,38111,US,,,,"{""city"":""Shelby"",""country"":""US"",""geocodeAccuracy"":null,""latitude"":null,""longitude"":null,""postalCode"":""38111"",""state"":""TN"",""street"":""3418 Poplar Ave""}",(520) 555-0100,(520) 555-0199,(520) 555-0188,(520) 310-5725,,,,contact+georgemazzotta@sdo.mygbiz.com,Chief Financial Officer,C-Level,(520) 555-0150,Purchased List,1978-07-20,,0051U000003DQo8QAG,2019-01-30T22:53:22.000+0000,0051U000003DQo8QAG,2019-01-30T22:53:22.000+0000,0051U000003DQo8QAG,2019-01-30T22:53:22.000+0000,,,,,,,,,/services/images/photo/0031U000008QxyTQAS,,,,,,,,,,
0031U000008QxyUQAS,,,0011U00000B8P2yQAF,,Post,Chris,Mr.,Chris Post,,,,,,,,,,,Sedgwick,,,United States,,,,"{""city"":""Sedgwick"",""country"":""United States"",""geocodeAccuracy"":null,""latitude"":null,""longitude"":null,""postalCode"":null,""state"":null,""street"":null}",,,,,,,,contact+larry.boyle@sdo.mygbiz.com,,,(818) 555-0150,,1939-02-22,,0051U000003DQo8QAG,2019-01-30T22:53:22.000+0000,0051U000003DQo8QAG,2019-01-30T22:53:22.000+0000,0051U000003DQo8QAG,2019-01-30T22:53:22.000+0000,,,,,,,,,/services/images/photo/0031U000008QxyUQAS,,,,,,,,,,
0031U000008QxyVQAS,,,0011U00000B8P33QAF,,Owens,Brad,Mr.,Brad Owens,,,,,,,,,,1419 Gunderson Ave,Cook,IL,60402,US,,,,"{""city"":""Cook"",""country"":""US"",""geocodeAccuracy"":null,""latitude"":null,""longitude"":null,""postalCode"":""60402"",""state"":""IL"",""street"":""1419 Gunderson Ave""}",(500) 555-0100,(500) 555-0199,(500) 555-0188,(500) 233-3822,,,,contact+bradowens@sdo.mygbiz.com,Sales Manager,Sales,(500) 555-0150,Purchased List,1942-02-25,,0051U000003DQo8QAG,2019-01-30T22:53:22.000+0000,0051U000003DQo8QAG,2019-01-30T22:53:22.000+0000,0051U000003DQo8QAG,2019-01-30T22:53:22.000+0000,,,,,,,,,/services/images/photo/0031U000008QxyVQAS,,,,,,,,,,
0031U000008QxyWQAS,,,0011U00000B8P3EQAV,,Archibald,Lloyd,,Lloyd Archibald,,,,,,,,,,,Purchase,NY,,,,,,"{""city"":""Purchase"",""country"":null,""geocodeAccuracy"":null,""latitude"":null,""longitude"":null,""postalCode"":null,""state"":""NY"",""street"":null}",(801) 555-0100,(801) 555-0199,(801) 555-0188,,,,,contact+lloydarchibald@sdo.mygbiz.com,SVP Marketing,,(801) 555-0150,Google Adwords,1942-02-26,,0051U000003DQo8QAG,2019-01-30T22:53:22.000+0000,0051U000003DQo8QAG,2019-09-30T18:52:12.000+0000,0051U000005xmb3QAA,2019-09-30T18:52:12.000+0000,,,,,,,,,/services/images/photo/0031U000008QxyWQAS,,,,,a2K1U000000VzuRUAS,,,,,
0031U000008QxyXQAS,,,0011U00000B8P3vQAF,,Rogers,Jeannie,Dr.,Jeannie Rogers,,,,,,,,,,4191 Tamarus St,Clark,NV,89119,US,,,,"{""city"":""Clark"",""country"":""US"",""geocodeAccuracy"":null,""latitude"":null,""longitude"":null,""postalCode"":""89119"",""state"":""NV"",""street"":""4191 Tamarus St""}",(875) 555-0100,(875) 555-0199,(875) 555-0188,(875) 349-0430,,,,contact+jeannierogers@sdo.mygbiz.com,VP Facilities,Operations,(875) 555-0150,Google Adwords,1979-01-18,,0051U000003DQo8QAG,2019-01-30T22:53:22.000+0000,0051U000003DQo8QAG,2019-01-30T22:53:22.000+0000,0051U000003DQo8QAG,2019-01-30T22:53:22.000+0000,,,,,,,,,/services/images/photo/0031U000008QxyXQAS,,,,,,,,,,
0031U000008QxyYQAS,,,0011U00000B8P3EQAV,,Ricadela,Robert,,Robert Ricadela,,,,,,,,,,,Purchase,NY,,,,,,"{""city"":""Purchase"",""country"":null,""geocodeAccuracy"":null,""latitude"":null,""longitude"":null,""postalCode"":null,""state"":""NY"",""street"":null}",(579) 555-0100,(579) 555-0199,(579) 555-0188,,,,,contact+hollieeverhart@sdo.mygbiz.com,SVP Marketing,,(579) 555-0150,Web Referral,1959-08-14,,0051U000003DQo8QAG,2019-01-30T22:53:22.000+0000,0051U000003DQo8QAG,2019-09-30T19:55:15.000+0000,0051U000005xmb3QAA,2019-09-30T19:55:15.000+0000,,,,,,,,,/services/images/photo/0031U000008QxyYQAS,,,,,a2K1U000000VzuRUAS,,,,,
0031U000008QxyZQAS,,,0011U00000B8P3EQAV,,Dulaney,Shay,,Shay Dulaney,,,,,,,,,,,,,,,,,,,(686) 555-0100,(686) 555-0199,(686) 555-0188,,,,,contact+shaydulaney@sdo.mygbiz.com,Sales Exec,,(686) 555-0150,Google Adwords,1926-08-28,,0051U000003DQo8QAG,2019-01-30T22:53:22.000+0000,0051U000003DQo8QAG,2019-01-30T22:53:22.000+0000,0051U000003DQo8QAG,2019-01-30T22:53:22.000+0000,,,,,,,,,/services/images/photo/0031U000008QxyZQAS,,,,,,,,,,
0031U000008QxyaQAC,,,0011U00000B8P3DQAV,,Preston,Jamie,,Jamie Preston,,,,,,,,,,,Sedgwick,,,United States,,,,"{""city"":""Sedgwick"",""country"":""United States"",""geocodeAccuracy"":null,""latitude"":null,""longitude"":null,""postalCode"":null,""state"":null,""street"":null}",(537) 555-0197,(537) 555-0182,,,,,,jpreston@mailinator.com,,,(261) 555-0150,Jigsaw,1939-02-16,,0051U000003DQo8QAG,2019-01-30T22:53:22.000+0000,0051U000003DQo8QAG,2019-01-30T22:53:22.000+0000,0051U000003DQo8QAG,2019-01-30T22:53:22.000+0000,,,,,,,,,/services/images/photo/0031U000008QxyaQAC,,,,,,,,,,
0031U000008QxybQAC,,,0011U00000B8P3vQAF,,Basch,Michael,Mr.,Michael Basch,,,,,,,,,,4191 Tamarus St,Clark,NV,89119,US,,,,"{""city"":""Clark"",""country"":""US"",""geocodeAccuracy"":null,""latitude"":null,""longitude"":null,""postalCode"":""89119"",""state"":""NV"",""street"":""4191 Tamarus St""}",(753) 555-0100,(753) 555-0199,(753) 555-0188,(753) 261-6567,,,,contact+michaelbasch@sdo.mygbiz.com,SVP Procurement,Operations,(753) 555-0150,Google Adwords,1957-07-10,,0051U000003DQo8QAG,2019-01-30T22:53:22.000+0000,0051U000003DQo8QAG,2019-01-30T22:53:22.000+0000,0051U000003DQo8QAG,2019-01-30T22:53:22.000+0000,,,,,,,,,/services/images/photo/0031U000008QxybQAC,,,,,,,,,,
0031U000008QxycQAC,,,0011U00000B8P3xQAF,,Hauck,Danielle,Ms.,Danielle Hauck,,,,,,,,,,3418 Poplar Ave,Shelby,TN,38111,US,,,,"{""city"":""Shelby"",""country"":""US"",""geocodeAccuracy"":null,""latitude"":null,""longitude"":null,""postalCode"":""38111"",""state"":""TN"",""street"":""3418 Poplar Ave""}",(219) 555-0100,(219) 555-0199,(219) 555-0188,(219) 777-9950,,,,contact+daniellehauck@sdo.mygbiz.com,Sales Manager,Sales,(219) 555-0150,Trade Show,1970-01-19,,0051U000003DQo8QAG,2019-01-30T22:53:22.000+0000,0051U000003DQo8QAG,2019-01-30T22:53:22.000+0000,0051U000003DQo8QAG,2019-01-30T22:53:22.000+0000,,,,,,,,,/services/images/photo/0031U000008QxycQAC,,,,,,,,,,
0031U000008QxydQAC,,,0011U00000B8P3ZQAV,,Lloyd,Richard H,Mr.,Richard H Lloyd,,,,,,,,,,3452 Voltaire St,San Diego,CA,92106,US,,,,"{""city"":""San Diego"",""country"":""US"",""geocodeAccuracy"":null,""latitude"":null,""longitude"":null,""postalCode"":""92106"",""state"":""CA"",""street"":""3452 Voltaire St""}",(632) 555-0100,(632) 555-0199,(632) 555-0188,(632) 877-7665,,,,contact+richardhlloyd@sdo.mygbiz.com,Manager Sales Exec Finance Exec,Sales,(632) 555-0150,Trade Show,1935-02-03,,0051U000003hCg3QAE,2019-01-30T22:53:22.000+0000,0051U000003DQo8QAG,2019-01-30T22:53:22.000+0000,0051U000003DQo8QAG,2019-01-30T22:53:22.000+0000,,,,,,,,,/services/images/photo/0031U000008QxydQAC,,,,,,,,,,
0031U000008QxyeQAC,,,0011U00000B8P3EQAV,,Viviano,Marci,,Marci Viviano,,,,,,,,,,,,,,,,,,,(270) 555-0100,(270) 555-0199,(270) 555-0188,,,,,contact+marciviviano@sdo.mygbiz.com,CFO,,(270) 555-0150,Web Direct,1946-04-18,,0051U000003DQo8QAG,2019-01-30T22:53:22.000+0000,0051U000003DQo8QAG,2019-01-30T22:53:22.000+0000,0051U000003DQo8QAG,2019-01-30T22:53:22.000+0000,,,,,,,,,/services/images/photo/0031U000008QxyeQAC,,,,,,,,,,
0031U000008QxyfQAC,,,0011U00000B8P3nQAF,,Bullock,Troy,,Troy Bullock,,,,,,,,,,,Sedgwick,,,US,,,,"{""city"":""Sedgwick"",""country"":""US"",""geocodeAccuracy"":null,""latitude"":null,""longitude"":null,""postalCode"":null,""state"":null,""street"":null}",(704) 555-0100,(704) 555-0199,(704) 555-0188,,,,,contact+bullock@sdo.mygbiz.com,EVP Business Development,,(704) 555-0150,,1939-02-06,,0051U000003DQo8QAG,2019-01-30T22:53:22.000+0000,0051U000003DQo8QAG,2019-01-30T22:53:22.000+0000,0051U000003DQo8QAG,2019-01-30T22:53:22.000+0000,,,,,,,,,/services/images/photo/0031U000008QxyfQAC,,,,,,,,,,
0031U000008QxygQAC,,,0011U00000B8P3EQAV,,Martin,Bill,Mr.,Bill Martin,,,,,,,,,,310 Henry St,New York,NY,10002,US,,,,"{""city"":""New York"",""country"":""US"",""geocodeAccuracy"":null,""latitude"":null,""longitude"":null,""postalCode"":""10002"",""state"":""NY"",""street"":""310 Henry St""}",(673) 555-0100,(673) 555-0199,(673) 555-0188,(673) 289-3104,,,,contact+billmartin@sdo.mygbiz.com,Operations Manager,Operations,(673) 555-0150,Web Referral,1926-08-02,,0051U000003DQo8QAG,2019-01-30T22:53:22.000+0000,0051U000003DQo8QAG,2019-01-30T22:53:22.000+0000,0051U000003DQo8QAG,2019-01-30T22:53:22.000+0000,,,,,,,,,/services/images/photo/0031U000008QxygQAC,,,,,,,,,,
0031U000008QxyhQAC,,,0011U00000B8P34QAF,,Gillespie,Joseph,Mr.,Joseph Gillespie,,,,,,,,,,16909 SE Alder St,Multnomah,OR,97233,US,,,,"{""city"":""Multnomah"",""country"":""US"",""geocodeAccuracy"":null,""latitude"":null,""longitude"":null,""postalCode"":""97233"",""state"":""OR"",""street"":""16909 SE Alder St""}",(323) 555-0100,(323) 555-0199,(323) 555-0188,(323) 511-7911,,,,contact+josephgillespie@sdo.mygbiz.com,Chief Marketing Officer,C-Level,(323) 555-0150,Referral,1954-11-08,,0051U000003hCg0QAE,2019-01-30T22:53:22.000+0000,0051U000003DQo8QAG,2019-01-30T22:53:22.000+0000,0051U000003DQo8QAG,2019-01-30T22:53:22.000+0000,,,,,,,,,/services/images/photo/0031U000008QxyhQAC,,,,,,,,,,
0031U000008QxyiQAC,,,0011U00000B8P3QQAV,,Rende,Kari,,Kari Rende,,,,,,,,,,,Sedgwick,,,US,,,,"{""city"":""Sedgwick"",""country"":""US"",""geocodeAccuracy"":null,""latitude"":null,""longitude"":null,""postalCode"":null,""state"":null,""street"":null}",(630) 555-0100,(630) 555-0199,(630) 555-0188,,,,,contact+rende@sdo.mygbiz.com,EVP Business Development,,(630) 555-0150,Jigsaw,1939-02-08,,0051U000003DQo8QAG,2019-01-30T22:53:22.000+0000,0051U000003DQo8QAG,2019-01-30T22:53:22.000+0000,0051U000003DQo8QAG,2019-01-30T22:53:22.000+0000,,,,,,,,,/services/images/photo/0031U000008QxyiQAC,,,,,,,,,,
0031U000008QxyjQAC,,,0011U00000B8P3tQAF,,Competente,Sienna,Ms.,Sienna Competente,,,,,,,,,,1419 Commerce Rd,Richmond (city),VA,23224,US,,,,"{""city"":""Richmond (city)"",""country"":""US"",""geocodeAccuracy"":null,""latitude"":null,""longitude"":null,""postalCode"":""23224"",""state"":""VA"",""street"":""1419 Commerce Rd""}",(672) 555-0100,(672) 555-0199,(672) 555-0188,(672) 989-3984,,,,contact+siennacompetente@sdo.mygbiz.com,VP Consulting,Consulting,(672) 555-0150,Google Adwords,1981-07-15,,0051U000003DQo8QAG,2019-01-30T22:53:22.000+0000,0051U000003DQo8QAG,2019-01-30T22:53:22.000+0000,0051U000003DQo8QAG,2019-01-30T22:53:22.000+0000,,,,,,,,,/services/images/photo/0031U000008QxyjQAC,,,,,,,,,,
0031U000008QxykQAC,,,0011U00000B8P34QAF,,Fontana,Robert,Mr.,Robert Fontana,,,,,,,,,,16909 SE Alder St,Multnomah,OR,97233,US,,,,"{""city"":""Multnomah"",""country"":""US"",""geocodeAccuracy"":null,""latitude"":null,""longitude"":null,""postalCode"":""97233"",""state"":""OR"",""street"":""16909 SE Alder St""}",(226) 555-0100,(226) 555-0199,(226) 555-0188,(226) 936-3140,,,,contact+robertfontana@sdo.mygbiz.com,CEO,C-Level,(226) 555-0150,Web Referral,1970-07-22,,0051U000003hCg0QAE,2019-01-30T22:53:22.000+0000,0051U000003DQo8QAG,2019-01-30T22:53:22.000+0000,0051U000003DQo8QAG,2019-01-30T22:53:22.000+0000,,,,,,,,,/services/images/photo/0031U000008QxykQAC,,,,,,,,,,
0031U000008QxylQAC,,,0011U00000B8P3xQAF,,Friedman,Chris,Mr.,Chris Friedman,,,,,,,,,,3418 Poplar Ave,Shelby,TN,38111,US,,,,"{""city"":""Shelby"",""country"":""US"",""geocodeAccuracy"":null,""latitude"":null,""longitude"":null,""postalCode"":""38111"",""state"":""TN"",""street"":""3418 Poplar Ave""}",(227) 555-0100,(227) 555-0199,(227) 555-0188,(227) 717-1859,,,,contact+chrisfriedman@sdo.mygbiz.com,Type Setter,Operations,(227) 555-0150,Trade Show,1972-08-24,,0051U000003DQo8QAG,2019-01-30T22:53:22.000+0000,0051U000003DQo8QAG,2019-01-30T22:53:22.000+0000,0051U000003DQo8QAG,2019-01-30T22:53:22.000+0000,,,,,,,,,/services/images/photo/0031U000008QxylQAC,,,,,,,,,,
0031U000008QxymQAC,,,0011U00000B8P3hQAF,,Harris,David,Mr.,David Harris,,,,,,,,,,309 8th Ave,Santa Cruz,CA,95062,US,,,,"{""city"":""Santa Cruz"",""country"":""US"",""geocodeAccuracy"":null,""latitude"":null,""longitude"":null,""postalCode"":""95062"",""state"":""CA"",""street"":""309 8th Ave""}",(692) 555-0100,(692) 555-0199,(692) 555-0188,(692) 854-2073,,,,contact+davidharris@sdo.mygbiz.com,Director of Business Development,Business Development,(692) 555-0150,Purchased List,1964-02-03,,0051U000003DQo8QAG,2019-01-30T22:53:22.000+0000,0051U000003DQo8QAG,2019-01-30T22:53:22.000+0000,0051U000003DQo8QAG,2019-01-30T22:53:22.000+0000,,,,,,,,,/services/images/photo/0031U000008QxymQAC,,,,,,,,,,
0031U000008QxynQAC,,,0011U00000B8P3TQAV,,Kuchenreuther,Larry,Mr.,Larry Kuchenreuther,,,,,,,,,,1963 Border Ave,Los Angeles,CA,90501,US,,,,"{""city"":""Los Angeles"",""country"":""US"",""geocodeAccuracy"":null,""latitude"":null,""longitude"":null,""postalCode"":""90501"",""state"":""CA"",""street"":""1963 Border Ave""}",(446) 555-0100,(446) 555-0199,(446) 555-0188,(446) 310-9854,,,,contact+larrykuchenreuther@sdo.mygbiz.com,Sales Exec,Sales,(446) 555-0150,Trade Show,1987-06-03,,0051U000003hCg2QAE,2019-01-30T22:53:22.000+0000,0051U000003DQo8QAG,2019-01-30T22:53:22.000+0000,0051U000003DQo8QAG,2019-01-30T22:53:22.000+0000,,,,,,,,,/services/images/photo/0031U000008QxynQAC,,,,,,,,,,
0031U000008QxyoQAC,,,0011U00000B8P3KQAV,,Watkins,Bruce,,Bruce Watkins,,,,,,,,,,,,,,,,,,,(631) 555-0100,(631) 555-0199,(631) 555-0188,,,,,contact+brucewatkins@sdo.mygbiz.com,Chairman of the Board Chief Executive Officer,,(631) 555-0150,Web Referral,1978-05-18,,0051U000003DQo8QAG,2019-01-30T22:53:22.000+0000,0051U000003DQo8QAG,2019-01-30T22:53:22.000+0000,0051U000003DQo8QAG,2019-01-30T22:53:22.000+0000,,,,,,,,,/services/images/photo/0031U000008QxyoQAC,,,,,,,,,,
0031U000008QxypQAC,,,0011U00000B8P3dQAF,,Janzen,Robert,,Robert Janzen,,,,,,,,,,,Sedgwick,,,US,,,,"{""city"":""Sedgwick"",""country"":""US"",""geocodeAccuracy"":null,""latitude"":null,""longitude"":null,""postalCode"":null,""state"":null,""street"":null}",(858) 555-0100,(858) 555-0199,(858) 555-0188,,,,,contact+janzen@sdo.mygbiz.com,EVP Business Development,,(858) 555-0150,Jigsaw,1939-02-11,,0051U000003DQo8QAG,2019-01-30T22:53:22.000+0000,0051U000003DQo8QAG,2019-01-30T22:53:22.000+0000,0051U000003DQo8QAG,2019-01-30T22:53:22.000+0000,,,,,,,,,/services/images/photo/0031U000008QxypQAC,,,,,,,,,,
0031U000008QxyqQAC,,,0011U00000B8P3kQAF,,Baxter,Tammy,,Tammy Baxter,,,,,,,,,,850 Mission St,San Francisco,CA,94103,US,,,,"{""city"":""San Francisco"",""country"":""US"",""geocodeAccuracy"":null,""latitude"":null,""longitude"":null,""postalCode"":""94103"",""state"":""CA"",""street"":""850 Mission St""}",(415) 555-0100,(415) 555-0199,(415) 555-0188,,,,,contact+tbaxter@sdo.mygbiz.com,EVP Business Development,,(415) 555-0150,Jigsaw,1931-11-24,,0051U000003DQo8QAG,2019-01-30T22:53:22.000+0000,0051U000003DQo8QAG,2019-01-30T22:53:22.000+0000,0051U000003DQo8QAG,2019-01-30T22:53:22.000+0000,,,,,,,,,/services/images/photo/0031U000008QxyqQAC,,,,,,,,,,
0031U000008QxyrQAC,,,0011U00000B8P3bQAF,,Houston,Peter,,Peter Houston,,,,,,,,,,2230 W 63rd St,Cook,IL,60636,US,,,,"{""city"":""Cook"",""country"":""US"",""geocodeAccuracy"":null,""latitude"":null,""longitude"":null,""postalCode"":""60636"",""state"":""IL"",""street"":""2230 W 63rd St""}",(415) 555-0100,(415) 555-0199,(415) 555-0188,,,,,contact+phouston@sdo.mygbiz.com,EVP Business Development,,(415) 555-0150,Jigsaw,1970-08-29,,0051U000003DQo8QAG,2019-01-30T22:53:22.000+0000,0051U000003DQo8QAG,2019-01-30T22:53:22.000+0000,0051U000003DQo8QAG,2019-01-30T22:53:22.000+0000,,,,,,,,,/services/images/photo/0031U000008QxyrQAC,,,,,,,,,,
0031U000008QxysQAC,,,0011U00000B8P3NQAV,,Odom,Judy,Mrs.,Judy Odom,,,,,,,,,,1984 Gufford Dr,New Hanover,NC,28403,US,,,,"{""city"":""New Hanover"",""country"":""US"",""geocodeAccuracy"":null,""latitude"":null,""longitude"":null,""postalCode"":""28403"",""state"":""NC"",""street"":""1984 Gufford Dr""}",(689) 555-0100,(689) 555-0199,(689) 555-0188,(689) 770-1060,,,,contact+judy@sdo.mygbiz.com,Sales Exec,Sales,(689) 555-0150,Purchased List,1952-07-01,,0051U000003hCg3QAE,2019-01-30T22:53:22.000+0000,0051U000003DQo8QAG,2019-01-30T22:53:22.000+0000,0051U000003DQo8QAG,2019-01-30T22:53:22.000+0000,,,,,,,,,/services/images/photo/0031U000008QxysQAC,,,,,,,,,,
0031U000008QxytQAC,,,0011U00000B8P3IQAV,,Perkins,Jan,,Jan Perkins,,,,,,,,,,,,,,,,,,,(767) 555-0100,(767) 555-0199,(767) 555-0188,,,,,contact+janperkins@sdo.mygbiz.com,CFO,,(767) 555-0150,Google Adwords,1928-05-12,,0051U000003DQo8QAG,2019-01-30T22:53:22.000+0000,0051U000003DQo8QAG,2019-01-30T22:53:22.000+0000,0051U000003DQo8QAG,2019-01-30T22:53:22.000+0000,,,,,,,,,/services/images/photo/0031U000008QxytQAC,,,,,,,,,,
0031U000008QxyuQAC,,,0011U00000B8P3vQAF,,Gonzalez,Rose,Ms.,Rose Gonzalez,,,,,,,,,,4191 Tamarus St,Clark,NV,89119,US,,,,"{""city"":""Clark"",""country"":""US"",""geocodeAccuracy"":null,""latitude"":null,""longitude"":null,""postalCode"":""89119"",""state"":""NV"",""street"":""4191 Tamarus St""}",(776) 555-0100,(776) 555-0199,(776) 555-0188,(776) 672-9389,,,,contact+rosegonzalez@sdo.mygbiz.com,SVP Marketing,Marketing,(776) 555-0150,Trade Show,1967-11-16,,0051U000003DQo8QAG,2019-01-30T22:53:22.000+0000,0051U000003DQo8QAG,2019-01-30T22:53:22.000+0000,0051U000003DQo8QAG,2019-01-30T22:53:22.000+0000,,,,,,,,,/services/images/photo/0031U000008QxyuQAC,,,,,,,,,,
0031U000008QxyvQAC,,,0011U00000B8P3EQAV,,Pearson,Kyle,Mr.,Kyle Pearson,,,,,,,,,,310 Henry St,New York,NY,10002,US,,,,"{""city"":""New York"",""country"":""US"",""geocodeAccuracy"":null,""latitude"":null,""longitude"":null,""postalCode"":""10002"",""state"":""NY"",""street"":""310 Henry St""}",(903) 555-0100,(903) 555-0199,(903) 555-0188,(903) 534-1468,,,,contact+kylepearson@sdo.mygbiz.com,VP IT,IT,(903) 555-0150,Web Referral,1938-11-03,,0051U000003DQo8QAG,2019-01-30T22:53:22.000+0000,0051U000003DQo8QAG,2019-01-30T22:53:22.000+0000,0051U000003DQo8QAG,2019-01-30T22:53:22.000+0000,,,,,,,,,/services/images/photo/0031U000008QxyvQAC,,,,,,,,,,
0031U000008QxywQAC,,,0011U00000B8P3UQAV,,Yates,Allison,Ms.,Allison Yates,,,,,,,,,,2485 Pershing Dr,San Diego,CA,92101,US,,,,"{""city"":""San Diego"",""country"":""US"",""geocodeAccuracy"":null,""latitude"":null,""longitude"":null,""postalCode"":""92101"",""state"":""CA"",""street"":""2485 Pershing Dr""}",(239) 555-0100,(239) 555-0199,(239) 555-0188,(239) 624-0010,,,,contact+allisonyates@sdo.mygbiz.com,Owner,C-Level,(239) 555-0150,Google Adwords,1950-04-09,,0051U000003DQo8QAG,2019-01-30T22:53:22.000+0000,0051U000003DQo8QAG,2019-01-30T22:53:22.000+0000,0051U000003DQo8QAG,2019-01-30T22:53:22.000+0000,,,,,,,,,/services/images/photo/0031U000008QxywQAC,,,,,,,,,,
0031U000008QxyxQAC,,,0011U00000B8P3GQAV,,Templey,Chris,Mr.,Chris Templey,,,,,,,,,,26 Boot Rd,Delaware,PA,19073,US,,,,"{""city"":""Delaware"",""country"":""US"",""geocodeAccuracy"":null,""latitude"":null,""longitude"":null,""postalCode"":""19073"",""state"":""PA"",""street"":""26 Boot Rd""}",(874) 555-0100,(874) 555-0199,(874) 555-0188,(874) 966-0932,,,,contact+christempley@sdo.mygbiz.com,EVP Business Development,Business Development,(874) 555-0150,Web Referral,1968-10-23,,0051U000003DQo8QAG,2019-01-30T22:53:22.000+0000,0051U000003DQo8QAG,2019-01-30T22:53:22.000+0000,0051U000003DQo8QAG,2019-01-30T22:53:22.000+0000,,,,,,,,,/services/images/photo/0031U000008QxyxQAC,,,,,,,,,,
0031U000008QxyyQAC,,,0011U00000B8P3EQAV,,Homme,David,,David Homme,,,,,,,,,,,,,,,,,,,(759) 555-0100,(759) 555-0199,(759) 555-0188,,,,,contact+davidhomme@sdo.mygbiz.com,Product Marketing Manager,,(759) 555-0150,Google Adwords,1970-08-28,,0051U000003DQo8QAG,2019-01-30T22:53:22.000+0000,0051U000003DQo8QAG,2019-01-30T22:53:22.000+0000,0051U000003DQo8QAG,2019-01-30T22:53:22.000+0000,,,,,,,,,/services/images/photo/0031U000008QxyyQAC,,,,,,,,,,
0031U000008QxyzQAC,,,0011U00000B8P3xQAF,,Green,Thomas,Mr.,Thomas Green,,,,,,,,,,3418 Poplar Ave,Shelby,TN,38111,US,,,,"{""city"":""Shelby"",""country"":""US"",""geocodeAccuracy"":null,""latitude"":null,""longitude"":null,""postalCode"":""38111"",""state"":""TN"",""street"":""3418 Poplar Ave""}",(639) 555-0100,(639) 555-0199,(639) 555-0188,(639) 840-9818,,,,contact+thomasgreen@sdo.mygbiz.com,CFO,C-Level,(639) 555-0150,Google Adwords,1976-02-13,,0051U000003DQo8QAG,2019-01-30T22:53:22.000+0000,0051U000003DQo8QAG,2019-01-30T22:53:22.000+0000,0051U000003DQo8QAG,2019-01-30T22:53:22.000+0000,,,,,,,,,/services/images/photo/0031U000008QxyzQAC,,,,,,,,,,
0031U000008Qxz0QAC,,,0011U00000B8P3YQAV,,Reid,Ron,Mr.,Ron Reid,,,,,,,,,,3262 47th St,San Diego,CA,92105,US,,,,"{""city"":""San Diego"",""country"":""US"",""geocodeAccuracy"":null,""latitude"":null,""longitude"":null,""postalCode"":""92105"",""state"":""CA"",""street"":""3262 47th St""}",(935) 555-0100,(935) 555-0199,(935) 555-0188,(935) 358-9043,,,,contact+ronreid@sdo.mygbiz.com,VP Consulting,Consulting,(935) 555-0150,Google Adwords,1948-01-08,,0051U000003hCg2QAE,2019-01-30T22:53:22.000+0000,0051U000003DQo8QAG,2019-01-30T22:53:22.000+0000,0051U000003DQo8QAG,2019-01-30T22:53:22.000+0000,,,,,,,,,/services/images/photo/0031U000008Qxz0QAC,,,,,,,,,,
0031U000008Qxz1QAC,,,0011U00000B8P34QAF,,Foss,Peter,Mr.,Peter Foss,,,,,,,,,,16909 SE Alder St,Multnomah,OR,97233,US,,,,"{""city"":""Multnomah"",""country"":""US"",""geocodeAccuracy"":null,""latitude"":null,""longitude"":null,""postalCode"":""97233"",""state"":""OR"",""street"":""16909 SE Alder St""}",(453) 555-0100,(453) 555-0199,(453) 555-0188,(453) 380-7332,,,,contact+peterfoss@sdo.mygbiz.com,SVP Administration and Finance,Finance,(453) 555-0150,Google Adwords,1952-12-05,,0051U000003hCg0QAE,2019-01-30T22:53:22.000+0000,0051U000003DQo8QAG,2019-01-30T22:53:22.000+0000,0051U000003DQo8QAG,2019-01-30T22:53:22.000+0000,,,,,,,,,/services/images/photo/0031U000008Qxz1QAC,,,,,,,,,,
0031U000008Qxz2QAC,,,0011U00000B8P3LQAV,,Harmon,Bradley,,Bradley Harmon,,,,,,,,,,,Sedgwick,,,US,,,,"{""city"":""Sedgwick"",""country"":""US"",""geocodeAccuracy"":null,""latitude"":null,""longitude"":null,""postalCode"":null,""state"":null,""street"":null}",(261) 555-0100,(261) 555-0199,(261) 555-0188,,,,,contact+bharmon@sdo.mygbiz.com,EVP Business Development,,(261) 555-0150,,1939-01-30,,0051U000003DQo8QAG,2019-01-30T22:53:22.000+0000,0051U000003DQo8QAG,2019-01-30T22:53:22.000+0000,0051U000003DQo8QAG,2019-01-30T22:53:22.000+0000,,,,,,,,,/services/images/photo/0031U000008Qxz2QAC,,,,,,,,,,
0031U000008Qxz3QAC,,,0011U00000B8P3SQAV,,Malmin,Mike,,Mike Malmin,,,,,,,,,,,Sedgwick,,,US,,,,"{""city"":""Sedgwick"",""country"":""US"",""geocodeAccuracy"":null,""latitude"":null,""longitude"":null,""postalCode"":null,""state"":null,""street"":null}",(317) 555-0100,(317) 555-0199,(317) 555-0188,,,,,contact+malmin@sdo.mygbiz.com,EVP Business Development,,(317) 555-0150,,1939-02-07,,0051U000003DQo8QAG,2019-01-30T22:53:22.000+0000,0051U000003DQo8QAG,2019-01-30T22:53:22.000+0000,0051U000003DQo8QAG,2019-01-30T22:53:22.000+0000,,,,,,,,,/services/images/photo/0031U000008Qxz3QAC,,,,,,,,,,
0031U000008Qxz4QAC,,,0011U00000B8P3eQAF,,Barra,Bonnie,,Bonnie Barra,,,,,,,,,,,,,,,,,,,(261) 555-0100,(261) 555-0199,(261) 555-0188,,,,,contact+bonniebarra@sdo.mygbiz.com,EVP Business Development,,(261) 555-0150,Web Direct,1935-02-04,,0051U000003DQo8QAG,2019-01-30T22:53:22.000+0000,0051U000003DQo8QAG,2019-01-30T22:53:22.000+0000,0051U000003DQo8QAG,2019-01-30T22:53:22.000+0000,,,,,,,,,/services/images/photo/0031U000008Qxz4QAC,,,,,,,,,,
0031U000008Qxz5QAC,,,0011U00000B8P3iQAF,,Sutherland,Steve,,Steve Sutherland,,,,,,,,,,,Sedgwick,,,US,,,,"{""city"":""Sedgwick"",""country"":""US"",""geocodeAccuracy"":null,""latitude"":null,""longitude"":null,""postalCode"":null,""state"":null,""street"":null}",(608) 555-0100,(608) 555-0199,(608) 555-0188,,,,,contact+sutherland@sdo.mygbiz.com,EVP Business Development,,(608) 555-0150,Jigsaw,1939-02-13,,0051U000003DQo8QAG,2019-01-30T22:53:22.000+0000,0051U000003DQo8QAG,2019-01-30T22:53:22.000+0000,0051U000003DQo8QAG,2019-01-30T22:53:22.000+0000,,,,,,,,,/services/images/photo/0031U000008Qxz5QAC,,,,,,,,,,
0031U000008Qxz6QAC,,,0011U00000B8P3PQAV,,Jones,Sandy,,Sandy Jones,,,,,,,,,,,Sedgwick,,,US,,,,"{""city"":""Sedgwick"",""country"":""US"",""geocodeAccuracy"":null,""latitude"":null,""longitude"":null,""postalCode"":null,""state"":null,""street"":null}",(261) 555-0100,(261) 555-0199,(261) 555-0188,,,,,contact+sjones@sdo.mygbiz.com,EVP Business Development,,(261) 555-0150,,1939-01-31,,0051U000003DQo8QAG,2019-01-30T22:53:22.000+0000,0051U000003DQo8QAG,2019-01-30T22:53:22.000+0000,0051U000003DQo8QAG,2019-01-30T22:53:22.000+0000,,,,,,,,,/services/images/photo/0031U000008Qxz6QAC,,,,,,,,,,
0031U000008Qxz7QAC,,,0011U00000B8P3AQAV,,Warkentine,Bob,,Bob Warkentine,,,,,,,,,,,Sedgwick,,,US,,,,"{""city"":""Sedgwick"",""country"":""US"",""geocodeAccuracy"":null,""latitude"":null,""longitude"":null,""postalCode"":null,""state"":null,""street"":null}",(646) 555-0100,(646) 555-0199,(646) 555-0188,,,,,contact+warkentine@sdo.mygbiz.com,EVP Business Development,,(646) 555-0150,Jigsaw,1939-02-12,,0051U000003DQo8QAG,2019-01-30T22:53:22.000+0000,0051U000003DQo8QAG,2019-01-30T22:53:22.000+0000,0051U000003DQo8QAG,2019-01-30T22:53:22.000+0000,,,,,,,,,/services/images/photo/0031U000008Qxz7QAC,,,,,,,,,,
0031U000008Qxz8QAC,,,0011U00000B8P3uQAF,,Preview User,Portal,Mr.,Portal Preview User,,,,,,,,,,3544 Wedo St,Clark,NV,89031,US,,,,"{""city"":""Clark"",""country"":""US"",""geocodeAccuracy"":null,""latitude"":null,""longitude"":null,""postalCode"":""89031"",""state"":""NV"",""street"":""3544 Wedo St""}",(656) 555-0100,(656) 555-0199,(656) 555-0188,(656) 541-6935,,,,contact+portalpreviewuser@sdo.mygbiz.com,EVP Business Development,Business Development,(656) 555-0150,Referral,1931-03-07,,0051U000003DQo8QAG,2019-01-30T22:53:22.000+0000,0051U000003DQo8QAG,2019-01-30T22:53:22.000+0000,0051U000003DQo8QAG,2019-01-30T22:53:22.000+0000,,,,,,,,,/services/images/photo/0031U000008Qxz8QAC,,,,,,,,,,
0031U000008Qxz9QAC,,,0011U00000B8P3lQAF,,Anastasio,Brad,,Brad Anastasio,,,,,,,,,,,Sedgwick,,,United States,,,,"{""city"":""Sedgwick"",""country"":""United States"",""geocodeAccuracy"":null,""latitude"":null,""longitude"":null,""postalCode"":null,""state"":null,""street"":null}",,,,,,,,contact+banastasio@sdo.mygbiz.com,,,(818) 555-0150,,1939-02-19,,0051U000003DQo8QAG,2019-01-30T22:53:22.000+0000,0051U000003DQo8QAG,2019-01-30T22:53:22.000+0000,0051U000003DQo8QAG,2019-01-30T22:53:22.000+0000,,,,,,,,,/services/images/photo/0031U000008Qxz9QAC,,,,,,,,,,
0031U000008QxzAQAS,,,0011U00000B8P3vQAF,,Reseller,Tammy,Ms.,Tammy Reseller,,,,,,,,,,4191 Tamarus St,Clark,NV,89119,US,,,,"{""city"":""Clark"",""country"":""US"",""geocodeAccuracy"":null,""latitude"":null,""longitude"":null,""postalCode"":""89119"",""state"":""NV"",""street"":""4191 Tamarus St""}",(573) 555-0100,(573) 555-0199,(573) 555-0188,(573) 422-3153,,,,contact+tammyreseller@sdo.mygbiz.com,Account Executive,Sales,(573) 555-0150,Referral,1936-04-20,,0051U000003DQo8QAG,2019-01-30T22:53:22.000+0000,0051U000003DQo8QAG,2019-01-30T22:53:22.000+0000,0051U000003DQo8QAG,2019-01-30T22:53:22.000+0000,,,,,,,,,/services/images/photo/0031U000008QxzAQAS,,,,,,,,,,
0031U000008VDWzQAO,,,,,Marner,Mitch,,Mitch Marner,,,,,,,,,,,,,,,,,,,,,,,,,,,,,,,,,0051U000003DXoIQAW,2019-02-01T15:34:41.000+0000,0051U000003DXoIQAW,2019-02-01T15:34:41.000+0000,0051U000003DXoIQAW,2019-02-01T15:34:41.000+0000,,,,,,,,,/services/images/photo/0031U000008VDWzQAO,,,,a011U00000CVOCnQAP,,,,,,
0031U000008VDU0QAO,,,,,Jobs,Steve,,Steve Jobs,,,,,,,,,,,,,,,,,,,,,,,,,,,,,,,,,0051U000003DXoIQAW,2019-02-01T15:18:45.000+0000,0051U000003DXoIQAW,2019-02-01T15:18:45.000+0000,0051U000003DXoIQAW,2019-02-01T15:18:45.000+0000,,,,,,,,,/services/images/photo/0031U000008VDU0QAO,,,,a011U00000CVIxPQAX,,,,,,
0031U000008VDOkQAO,,,,,Fields,Sally,,Sally Fields,,,,,,,,,,,,,,,,,,,,,,,,,,,,,,,,,0051U000003DXoIQAW,2019-02-01T15:11:53.000+0000,0051U000003DXoIQAW,2019-02-01T15:11:53.000+0000,0051U000003DXoIQAW,2019-02-01T15:11:53.000+0000,,,,,,,,,/services/images/photo/0031U000008VDOkQAO,,,,a011U00000CVIv6QAH,,,,,,
0031U00000xwpaEQAQ,,,,,Taylor,Helen,,Helen Taylor,,London,,,UK,,,,"{""city"":""London"",""country"":""UK"",""geocodeAccuracy"":null,""latitude"":null,""longitude"":null,""postalCode"":null,""state"":null,""street"":null}",,London,,,UK,,,,"{""city"":""London"",""country"":""UK"",""geocodeAccuracy"":null,""latitude"":null,""longitude"":null,""postalCode"":null,""state"":null,""street"":null}",,,,,,,,,,,,,,,0051U000005xmb3QAA,2019-10-10T13:31:42.000+0000,0051U000005xmb3QAA,2019-10-10T13:31:42.000+0000,0051U000005xmb3QAA,2019-10-10T13:31:42.000+0000,,,,,,,,,/services/images/photo/0031U00000xwpaEQAQ,,,,,a2K1U000000W3VWUA0,,,,,
0031U00000xwpeVQAQ,,,,,Adams,John,,John Adams,,,,,,,,,,,,,,,,,,,,,,,,,,,,,,,,,0051U000005xmb3QAA,2019-10-10T13:39:56.000+0000,0051U000005xmb3QAA,2019-10-10T13:39:56.000+0000,0051U000005xmb3QAA,2019-10-10T13:39:56.000+0000,,,,,,,,,/services/images/photo/0031U00000xwpeVQAQ,,,,,,,,,,
0031U00000xwpZ1QAI,,,,,Taylor,Helen,,Helen Taylor,,London,,,UK,,,,"{""city"":""London"",""country"":""UK"",""geocodeAccuracy"":null,""latitude"":null,""longitude"":null,""postalCode"":null,""state"":null,""street"":null}",,London,,,UK,,,,"{""city"":""London"",""country"":""UK"",""geocodeAccuracy"":null,""latitude"":null,""longitude"":null,""postalCode"":null,""state"":null,""street"":null}",,,,,,,,,,,,,,,0051U000005xmb3QAA,2019-10-10T13:29:46.000+0000,0051U000005xmb3QAA,2019-10-10T13:29:46.000+0000,0051U000005xmb3QAA,2019-10-10T13:29:46.000+0000,,,,,,,,,/services/images/photo/0031U00000xwpZ1QAI,,,,,,,,,,
0031U00001lEE3eQAG,,,,,Shively,Brad,,Brad Shively,,,,,,,,,,,,,,,,,,,,,,,,,,brad.shively@salesforce.com,,,,,,,0051U000003DQo8QAG,2021-06-04T12:23:42.000+0000,0051U000003DQo8QAG,2021-06-04T12:23:42.000+0000,0051U000003DQo8QAG,2021-06-04T12:23:42.000+0000,,,,,,,,,/services/images/photo/0031U00001lEE3eQAG,,,,,,,,,,
